nid,xx,xy,xz,vx,vy,vz,ns
2,1.0,0.0,0.0,0.0,1.0,0.0,Y
2510,0.9720815750276967,0.0,0.23464315777723535,0.0,1.0,0.0,Y
4090,6.123233995736766e-17,0.0,-1.0,0.0,1.0,0.0,Y
4250,6.123233995736766e-17,0.0,-1.0,0.0,1.0,0.0,Y
5,1.0,0.0,0.0,0.0,1.0,0.0,GUI_Y
10,0.9688623603516912,0.0,-0.24759993274181172,0.0,1.0,0.0,GUI_Y
30,1.0,0.0,0.0,0.0,1.0,0.0,GUI_Y
60,1.0,0.0,0.0,0.0,1.0,0.0,GUI_Y
90,1.0,0.0,0.0,0.0,1.0,0.0,GUI_Y
110,0.7864539663243773,0.0,-0.6176488960992769,0.0,1.0,0.0,GUI_Y
112,0.6913749523208693,0.0,-0.7224961420681191,0.0,1.0,0.0,GUI_Y
114,0.24130883401388875,0.0,-0.9704483740142272,0.0,1.0,0.0,GUI_Y
116,0.23785109379337904,0.0,-0.9713016303812597,0.0,1.0,0.0,GUI_Y
118,0.23798817324955693,0.0,-0.9712680522869775,0.0,1.0,0.0,GUI_Y
120,0.2378293515846912,0.0,-0.9713069543274182,0.0,1.0,0.0,GUI_Y
122,0.2378293515846912,0.0,-0.9713069543274182,0.0,1.0,0.0,GUI_Y
130,0.24426236109037308,0.0,-0.9697091826700189,0.0,1.0,0.0,GUI_Y
160,0.32626115500179065,0.0,-0.9452796722329839,0.0,1.0,0.0,GUI_Y
190,0.4464564967242068,0.0,-0.8948053400224812,0.0,1.0,0.0,GUI_Y
200,0.28209040810134234,0.0,-0.9593878265108527,0.0,1.0,0.0,GUI_Y
220,0.09855426858365367,0.0,-0.9951316777914072,0.0,1.0,0.0,GUI_Y
298,0.2400825620465586,0.0,-0.9707524727762276,0.0,1.0,0.0,GUI_Y
300,0.5990426174450263,0.0,0.8007171426194221,0.0,1.0,0.0,GUI_Y
301,0.600000050856437,0.0,0.7999999618576696,0.0,1.0,0.0,GUI_Y
302,0.5991669966851629,0.0,0.8006240753832488,0.0,1.0,0.0,GUI_Y
304,0.9898130815459726,0.0,0.1423729735605247,0.0,1.0,0.0,GUI_Y
305,0.9899050292344888,0.0,0.14173225848855273,0.0,1.0,0.0,GUI_Y
365,0.9943195628296264,0.0,0.10643592896339354,0.0,1.0,0.0,GUI_Y
395,0.9908356168621894,0.07975917846657493,0.10901033807699906,-0.07928081062000483,0.9968141619431061,-0.008722363045521504,GUI_Y
495,0.9914214686210746,0.07689326749676179,0.10569246411595827,-0.07646000904957888,0.9970393299231839,-0.008151171846236413,GUI_Y
498,0.9910262622580225,0.08024001611837069,0.10690410342085387,-0.0797771991368949,0.9967755714368824,-0.00860573556115932,GUI_Y
499,0.9910940727009904,0.08021051837306754,0.10629586915439242,-0.07975313828162506,0.9967779455537346,-0.008553606953104434,GUI_Y
500,0.9910515115280046,0.08027080779965552,0.10664660760309318,-0.0798100450550767,0.9967730922407521,-0.008588323067739389,GUI_Y
555,0.9836699520195414,0.08088362908842256,0.16078328283549762,-0.07982433585279618,0.9967235517160646,-0.013047484821739185,GUI_Y
595,0.974195079129719,0.08163786003943503,0.21042625218261654,-0.07979756107358474,0.9966620589789609,-0.017236282619111865,GUI_Y
625,0.9628078687306221,0.08180889020936888,0.2575040065573907,-0.07903115289150225,0.9966480349063612,-0.021136967377761818,GUI_Y
634,0.9608007896749415,0.08311867720077977,0.2644865366335334,-0.08013779504882432,0.9965396557590634,-0.022060106625310213,GUI_Y
639,0.9608665663797984,0.08223186330729561,0.26452478573945876,-0.07928235964027272,0.996613225206755,-0.02182628674008027,GUI_Y
645,0.960866943498975,0.0830452365611868,0.26426919149880895,-0.08007200908047113,0.9965457785192291,-0.02202236765927828,GUI_Y
651,0.9606464003103452,0.0822318635436945,0.2653232258753598,-0.07926419367876585,0.9966132251872495,-0.02189216714544012,GUI_Y
655,0.9582646917330581,0.08304547985409633,0.27355480045787917,-0.07985539097809989,0.9965457582448499,-0.02279623337158843,GUI_Y
670,0.9522987335639113,0.08213138293874113,0.2939073969622759,-0.07847875156721575,0.9966215108738974,-0.024220850849657808,GUI_Y
703,0.9386498243571861,0.0845383024736567,0.3343497908614515,-0.07963694468739681,0.9964202303319983,-0.028366910758557646,GUI_Y
710,0.9390112957822818,0.08064762385740565,0.33429589761083595,-0.07597650994248556,0.9967426753009798,-0.02704827482123358,GUI_Y
725,0.9396092974146099,0.06664195853759444,0.3356981048118932,-0.06275691536748741,0.9977769537137413,-0.022421423043252158,GUI_Y
730,0.940733320167651,0.06645812845536124,0.3325720034647513,-0.06265789898997261,0.9977892147954951,-0.022151084216166125,GUI_Y
755,0.9515781192784272,0.06622974219315814,0.3001877814961151,-0.06316145077912805,0.9978044002954827,-0.019925106936926982,GUI_Y
790,0.9632800146413324,0.06543319348620111,0.2604037453317284,-0.06316585502174164,0.9978569522683085,-0.01707564256989902,GUI_Y
795,0.9655032724539545,0.0644658510008809,0.252284729889538,-0.062371728684482396,0.9979199136477497,-0.01629765032687512,GUI_Y
815,0.9719491072673974,0.06504059600021046,0.22601914466267403,-0.06335028592396467,0.9978826187843626,-0.014731612315511023,GUI_Y
880,0.9731824816032146,0.042692763109047786,0.22603801777294816,-0.041585765039121876,0.9990882483435158,-0.009658994150335748,GUI_Y
932,0.9736637516331219,0.014271624836807528,0.22754168734592706,-0.013897179136268652,0.9998981551760746,-0.0032477203600434533,GUI_Y
937,0.9739121628640429,0.013367672882696401,0.2265312436446312,-0.013020102573140268,0.9999106486690205,-0.0030284661602340713,GUI_Y
940,0.9934052747773897,0.0071295706234701895,0.1144339515492843,-0.007082733076954551,0.9999745842883833,-0.0008158856756084319,GUI_Y
943,0.9739121669810187,0.013367672869943715,0.22653122594551625,-0.013020102615756245,0.9999106486691909,-0.0030284659207272945,GUI_Y
948,0.9739007688014701,0.014258900966630355,0.2265258843292068,-0.013888166530451614,0.999898336703899,-0.0032303385578938406,GUI_Y
954,0.9738674375843097,0.01337880656692081,0.22672278568290324,-0.01303035028871177,0.9999104997622762,-0.0030335517975720355,GUI_Y
959,0.9738671264502012,0.013378807547638507,0.22672412206960024,-0.013030347081081342,0.9999104997491541,-0.003033569900843566,GUI_Y
965,0.9737090794090787,0.014258839903674478,0.2273484421783573,-0.013885373496794522,0.9998983375746763,-0.0032420546345081672,GUI_Y
971,0.9739120478772197,0.013367672869943715,0.22653173800075402,-0.013020101023473351,0.9999106486691909,-0.0030284727663258673,GUI_Y
976,0.973912168533593,0.013367665238722704,0.22653121972094675,-0.013020095202380831,0.9999106487712117,-0.003028464108338576,GUI_Y
982,0.9739007772329926,0.014258365707323037,0.2265258817714418,-0.013887645202218288,0.9998983443367412,-0.0032302172343464663,GUI_Y
987,0.9738673149902406,0.013379350247599746,0.22672328019118676,-0.013030878263440699,0.9999104924876786,-0.0030336817122658213,GUI_Y
993,0.9736752837391652,0.013378799126602045,0.2275465876900512,-0.013027772023079686,0.9999104998618277,-0.0030445725783153675,GUI_Y
998,0.9739005372252727,0.014258900967676368,0.22652687994037066,-0.013888163229112842,0.9998983367038841,-0.003230352755895241,GUI_Y
1004,0.9739125966095613,0.013367558374664502,0.2265293856176761,-0.013019996821113227,0.9999106501998566,-0.0030284153741296,GUI_Y
1009,0.9739007674136816,0.014258900967676368,0.22652589029564804,-0.013888166511680285,0.9998983367038841,-0.0032303386432144063,GUI_Y
1015,0.9738675468625404,0.013379335374197256,0.22672228508217393,-0.01303086687740495,0.9999104926866929,-0.0030336650241245475,GUI_Y
1021,0.9738672439131487,0.01337881400920584,0.22672361713927128,-0.013030354947134844,0.9999104996626984,-0.003033564610256548,GUI_Y
1040,0.9725133259472986,0.05637229008619088,0.2259203305711146,-0.05491012040169807,0.998409818116007,-0.012755930661173878,GUI_Y
1102,0.970830778491689,0.08100436121857069,0.22566766050276746,-0.07890081510319263,0.9967137470024036,-0.018340335669787718,GUI_Y
1107,0.9707642682169448,0.08187981244733637,0.22563783341188282,-0.07975379263714452,0.9966422107825802,-0.018537428257510053,GUI_Y
1110,0.9710829973293373,0.07806803960133764,0.22561736079183778,-0.07604262544883157,0.996948033346174,-0.01766742545037999,GUI_Y
1113,0.9709528933802551,0.08187911453583878,0.22482501960266324,-0.079768604753211,0.9966422681197236,-0.018470492492053635,GUI_Y
1118,0.9710189544488153,0.08100436121857069,0.22485658443706058,-0.07891610843415105,0.9967137470024036,-0.01827441835019636,GUI_Y
1124,0.970952645006571,0.08187981258997061,0.22482583802796147,-0.0797692689991358,0.996642210770862,-0.01847071826194698,GUI_Y
1129,0.9709526235965007,0.08187981244733637,0.22482593054330066,-0.07976926710028147,0.9966422107825802,-0.018470725830213943,GUI_Y
1200,0.9733980877621573,0.034226053871078625,0.22654964130933783,-0.03333510586195507,0.9994141169887556,-0.007758445769496945,GUI_Y
1320,0.9738898894440967,-0.01708551537036791,0.22637704919689572,0.016641839852405405,0.9998540319289255,0.0038683332066885476,GUI_Y
1410,0.9722842261661988,-0.05982491637623314,0.22601850129795303,0.058271192894401164,0.998208885644972,0.013545800016491458,GUI_Y
1453,0.9707954948305813,-0.08238648957134577,0.2253188264498941,0.08025325749397057,0.9966004547139794,0.018626548942193333,GUI_Y
1458,0.970862376430102,-0.08150614438532627,0.22535082529232733,0.079395410327401,0.9966728392142721,0.018428792459227527,GUI_Y
1460,0.9710768437753257,-0.07835262363012488,0.22554518361877665,0.07632105168938758,0.9969257075480981,0.017726553493272016,GUI_Y
1464,0.970862376430102,-0.08150614438532627,0.22535082529232733,0.079395410327401,0.9966728392142721,0.018428792459227527,GUI_Y
1469,0.970812814980682,-0.08157808802223167,0.22553823140195398,0.07946190351869652,0.9966669531767556,0.018460507429329864,GUI_Y
1475,0.9707954948364057,-0.08238648879011243,0.22531882671045264,0.08025325672824653,0.9966004547785621,0.018626548785898974,GUI_Y
1481,0.9710516260560841,-0.08150614775469926,0.22453393376508596,0.07941089013225694,0.9966728389387307,0.018361989277131268,GUI_Y
1486,0.9708128149812876,-0.08157808801330226,0.22553823140257676,0.07946190350999005,0.9966669531774864,0.018460507427346645,GUI_Y
1492,0.9710516247693973,-0.08150614530345933,0.22453394021947978,0.07941088762283574,0.9966728391391888,0.018361989249043222,GUI_Y
1497,0.9707959331451034,-0.0823863099659236,0.22531700361740728,0.08025311757774072,0.9966004695614983,0.01862635736945271,GUI_Y
1503,0.9708623963417783,-0.08150545477639377,0.22535098892881048,0.07939473571294636,0.9966728956090324,0.018428648875546207,GUI_Y
1560,0.973511374349614,-0.03332274313696935,0.22619725639749336,0.03245809529281513,0.9994446431843175,0.00754170140849992,GUI_Y
1574,0.9737812934478468,-0.019396619299709487,0.22665781189003947,0.018891619150490452,0.9998118678830243,0.004397222547322903,GUI_Y
1579,0.9737363798292205,-0.019414070190772452,0.22684919324456926,0.018907749984481876,0.9998115291786887,0.004404896354803953,GUI_Y
1585,0.9737817489652805,-0.019396619299709487,0.22665585485899456,0.01889162798765125,0.9998118678830243,0.004397184580393968,GUI_Y
1590,0.9711921440176732,-0.019251872721518168,0.2375188093500587,0.018700733435400088,0.9998146655239232,0.004573529519271146,GUI_Y
1591,0.9737812934478468,-0.019396619299709487,0.22665781189003947,0.018891619150490452,0.9998118678830243,0.004397222547322903,GUI_Y
1596,0.9737817489652805,-0.019396619299709487,0.22665585485899456,0.01889162798765125,0.9998118678830243,0.004397184580393968,GUI_Y
1602,0.973926621112266,-0.019413741028759472,0.22603106721889563,0.018911123277353368,0.9998115355702135,0.004388935761717465,GUI_Y
1607,0.973735921064298,-0.019414070885224562,0.22685116239668426,0.018907741752903988,0.999811529165204,0.004404934748894163,GUI_Y
1615,0.960730016957679,-0.01909376971386453,0.2768271346429245,0.018347302462627474,0.999817697361931,0.005286637327352261,GUI_Y
1650,0.9485106872228674,-0.020226849090202576,0.3160986409333106,0.019189308349438893,0.9997954163607083,0.0063949878176571655,GUI_Y
1680,0.9349534746675283,-0.02077403274710981,0.3541616012084559,0.01942694650289206,0.9997841964961348,0.0073589527890699676,GUI_Y
1700,0.9338869480398252,-0.03296304841096141,0.3560457916059639,0.03080049856081767,0.9994565710622231,0.01174273600778177,GUI_Y
1790,0.9315027437502978,-0.08030949629442068,0.35475769645013144,0.07505093246997331,0.9967699758745427,0.02858273483155652,GUI_Y
1795,0.9311450236397055,-0.08582370849282459,0.35440546837139925,0.0802102677919164,0.9963103387301261,0.03052903339790487,GUI_Y
1801,0.9312112511462399,-0.08489733087244436,0.35445457952943576,0.07934380428116468,0.9963897044885273,0.030201283275012144,GUI_Y
1806,0.9311441829241383,-0.08582524189593022,0.35440730587848224,0.08021163911290774,0.99631020663923,0.03052974119306587,GUI_Y
1812,0.9312098436328166,-0.0848976090406198,0.35445821065469946,0.07934394621294882,0.9963896807871838,0.030201692339513236,GUI_Y
1817,0.9311464114658705,-0.08582370848295925,0.3544018220557898,0.08021038733211322,0.996310338730976,0.030528719295121822,GUI_Y
1823,0.9312090156334855,-0.08489897066584653,0.35446005978501266,0.07934515745394706,0.99638956476866,0.030202337802372515,GUI_Y
1828,0.9311427950399663,-0.0858252418959369,0.35441095228373376,0.08021151955628,0.9963102066392293,0.030530055305691705,GUI_Y
1834,0.9312112413605658,-0.08489746995653624,0.35445457192522295,0.07934393437701957,0.9963896926378649,0.030201332463919307,GUI_Y
1839,0.9314349481166078,-0.08582370848789861,0.3536427978743472,0.08023524232866569,0.9963103387305504,0.030463335783792525,GUI_Y
1840,0.9336909534131517,-0.04317360381783788,0.3554676405072905,0.04034842477663047,0.999067585268074,0.01536114203645738,GUI_Y
1866,0.9339699635664005,0.0,0.35735151763463463,0.0,1.0,0.0,GUI_Y
1960,0.9873898072394486,0.0,-0.15830782848502653,0.0,1.0,0.0,GUI_Y
2030,0.14691501736665377,0.9587098325559879,0.2434983257285879,-0.49527339420327476,0.28438610542793696,-0.8208707620776231,GUI_Y
2070,0.16149710806715525,0.0,0.9868731854123637,0.0,1.0,0.0,GUI_Y
2072,0.1586586555755658,0.0,0.9873334953352662,0.0,1.0,0.0,GUI_Y
2074,0.15849533436077834,0.0,0.9873597262324735,0.0,1.0,0.0,GUI_Y
2076,0.15849463178326142,0.0,0.9873598390130562,0.0,1.0,0.0,GUI_Y
2080,0.1543916723340684,0.0,0.9880097223782212,0.0,1.0,0.0,GUI_Y
2090,0.1572327897000743,0.0,0.9875615676215495,0.0,1.0,0.0,GUI_Y
2110,0.6361596064889306,0.0,0.7715574865632819,0.0,1.0,0.0,GUI_Y
2120,0.6290766398781409,0.001285381821828648,0.7773422212598515,-0.0008086043454273335,0.9999991738964449,-0.0009991823859754373,GUI_Y
2121,0.6307987804103955,0.001285381821828648,0.7759453888169772,-0.000810817955390799,0.9999991738964449,-0.0009973869214619864,GUI_Y
2122,0.6308081628625285,0.0012853183025831865,0.7759377614363556,-0.0008107899468763445,0.9999991739780894,-0.000997327830254214,GUI_Y
2123,0.6308062531779071,0.0012853183025831865,0.7759393139340932,-0.0008107874923217208,0.9999991739780894,-0.0009973298257096193,GUI_Y
2124,0.6308061469252934,0.0,0.7759404648562062,0.0,1.0,0.0,GUI_Y
2125,0.630808163135624,0.001285381821828648,0.7759377611091189,-0.0008108300157852101,0.9999991738964449,-0.0009973771169368637,GUI_Y
2130,0.6125387475471508,0.001285381821828648,0.7904395173237103,-0.0007873468216928034,0.9999991738964449,-0.0010160174261585157,GUI_Y
2150,0.6161683988619407,0.0,0.7876144388239161,0.0,1.0,0.0,GUI_Y
2160,0.8359347620736968,0.01612879363072581,0.548591774977359,-0.013484373279155356,0.9998699225479369,-0.00884927461721821,GUI_Y
2180,0.9749335280517593,0.03510123772430345,0.21971007940185946,-0.03424247505883206,0.9993837616802776,-0.007716851146894566,GUI_Y
2195,0.9725693496665692,0.02928032291615643,0.23076291465283666,-0.02848935973079175,0.9995712394271484,-0.006759710955650159,GUI_Y
2200,0.9735042336121669,0.03783850464214517,0.22551663953161863,-0.0368623427895314,0.9992838673602443,-0.008539327703087882,GUI_Y
2220,0.9723621155034562,0.025666867098214308,0.23206276794653183,-0.024965714102070144,0.9996705516985896,-0.005958287170915152,GUI_Y
2230,0.8552355345342446,-0.03418846959541474,-0.5171105578274808,0.029256297201309338,0.9994154033967675,-0.017689559840348132,GUI_Y
2240,0.2345090975965418,-0.09704769148908879,-0.9672575813717327,0.022866502567848397,0.9952797323248568,-0.09431530885108705,GUI_Y
2250,0.23576555968151222,-0.13409451959520297,-0.9625140314211502,0.03190299992838765,0.9909685463295652,-0.13024415065958844,GUI_Y
2262,0.2299140871387963,-0.10510345450469313,-0.9675188765012877,0.024299351780345233,0.9944612932895779,-0.10225594189031331,GUI_Y
2264,0.2297016093186684,-0.1090972282057125,-0.96712717130388,0.02521028699115894,0.994031083416324,-0.10614446114608482,GUI_Y
2266,0.2296846072097342,-0.1091050469961479,-0.967130327272844,0.025210249373944362,0.9940302252547295,-0.10615250636011934,GUI_Y
2270,0.2410713472863224,-0.13484550330682502,-0.9610938017464717,0.032807025666504,0.9908666359495253,-0.13079376448817542,GUI_Y
2290,0.22781676912358811,-0.0825108815634311,-0.9702017698034338,0.0188616776882012,0.9965901637200848,-0.08032610217831417,GUI_Y
2300,0.22873093924038868,-0.13555571522564935,-0.9640056044981649,0.03129464423380044,0.9907697250469771,-0.13189388603198104,GUI_Y
2310,0.23313990180703933,-0.10653585420622541,-0.9665898292212443,0.024979922792528742,0.9943088613547352,-0.10356588091031438,GUI_Y
2320,0.23361147722144476,-0.10653585420622541,-0.9664759642531026,0.02503045003969406,0.9943088613547352,-0.10355368077601344,GUI_Y
2330,0.23117109442907377,-0.10749278089991958,-0.9669566831843431,0.02499404266055122,0.9942058650271592,-0.10454662011313738,GUI_Y
2340,0.23117109442907377,-0.10749278089991958,-0.9669566831843431,0.02499404266055122,0.9942058650271592,-0.10454662011313738,GUI_Y
2350,0.23360920093074633,-0.10653585420622541,-0.966476514463258,0.025030206145082032,0.9943088613547352,-0.10355373972862986,GUI_Y
2360,0.23313762524816184,-0.10653585420622541,-0.9665903783207226,0.024979678869182495,0.9943088613547352,-0.1035659397439266,GUI_Y
2370,0.2311605590430848,-0.11640207753119373,-0.9659271982345825,0.027091734239818376,0.993202172946889,-0.11320548391953938,GUI_Y
2380,0.23185692522879633,-0.11372617933341914,-0.9660790456053125,0.026540392827565117,0.9935121318505492,-0.11058594582647263,GUI_Y
3070,0.24627201803905932,0.0,-0.9692007496545643,0.0,1.0,0.0,GUI_Y
4070,6.123233995736766e-17,0.0,-1.0,0.0,1.0,0.0,GUI_Y
4260,6.123233995736766e-17,0.0,-1.0,0.0,1.0,0.0,GUI_Y
249,0.08818088129030366,-0.9846579564275091,-0.15057503451391613,0.49759429072524225,0.17449558402435766,-0.8496771227905582,ANC
1230,0.9737103421765059,0.0222548646482197,0.22670000118659298,-0.021675160162323105,0.999752329829488,-0.005046427691765768,ANC
2014,0.13453460919527785,0.9656398815107974,0.22235120454921561,-0.4998847772983883,0.25988385720512397,-0.8261813300901489,ANC
380,0.9356650460504428,0.040049420652970125,0.3506094201597902,-0.03750293161746156,0.9991977001101241,-0.014052978856262187,+Y
390,0.9911271593706211,0.079368525391744,0.10661890608641378,-0.07891324536389395,0.9968453426570945,-0.008488965131144133,+Y
505,0.9909607768137644,0.08030440337726576,0.10746134940006054,-0.07983635454496464,0.9967703861964506,-0.008657580190175283,+Y
515,0.9902405187342213,0.08098979576222137,0.11342119748695163,-0.0804637062227896,0.9967149306508826,-0.009216235592634398,+Y
520,0.989728833648432,0.08081504775194971,0.11792270308029908,-0.08024746320188933,0.9967291146830467,-0.009561202477268672,+Y
533,0.9881030507734158,0.08029237113589223,0.13116972283894207,-0.07959411798478705,0.9967713554960216,-0.010566042061607469,+Y
540,0.9872569262504383,0.0805324223843412,0.13725265212536597,-0.07976527020692133,0.9967519896869582,-0.011089306736977205,+Y
545,0.9861316881298627,0.08068050991076875,0.1450343027931166,-0.07982182547857418,0.9967400139056013,-0.011739712804396046,+Y
550,0.9848563388254189,0.08081608261412501,0.15338432992420903,-0.07985342935142947,0.99672903077562,-0.012436600416084005,+Y
560,0.9822594388341717,0.08102019613296504,0.1691216208524329,-0.07984534716445028,0.9967124599494961,-0.013747462224444717,+Y
565,0.9807807218770936,0.08115642869438423,0.1774339586319943,-0.0798600890798024,0.9967013765825616,-0.014447563482909419,+Y
570,0.9800309509055338,0.07889269706090866,0.18252473152329482,-0.0775590275918041,0.9968831136850778,-0.014444891434624102,+Y
585,0.9775700216675971,0.08157799179855416,0.1941697298523351,-0.08001489196137929,0.9966669610527455,-0.015892948445577086,+Y
590,0.9758764310021044,0.08168003756723129,0.20246867134846022,-0.07997685795724627,0.996658603265439,-0.016593092787987686,+Y
600,0.9724965251063773,0.08184650372457192,0.2180634276628819,-0.07986338638045758,0.9966449467227854,-0.017907810803727768,+Y
605,0.9707861221566013,0.0819853051409667,0.22550546505371202,-0.0798590388442251,0.9966335383384118,-0.01855058419387292,+Y
610,0.9686390369199414,0.08212561448634859,0.2345075683214683,-0.07981970819558841,0.9966219862341186,-0.019324356090992124,+Y
615,0.9666077031691808,0.08226544412926494,0.242697228818575,-0.07978886002412516,0.9966104538395204,-0.02003349978999606,+Y
620,0.9647598058754293,0.0824714442222874,0.24987392391983235,-0.07983710535962696,0.9965934280778146,-0.020677904146834788,+Y
630,0.9619186850178776,0.08240126982507522,0.26061940477388146,-0.07953379704566897,0.9965992327566859,-0.02154865184375091,+Y
631,0.960800710170109,0.08311876693139693,0.26448679725161767,-0.08013787553199524,0.9965396482748713,-0.02206015234340695,+Y
632,0.9608665005775976,0.08223186299343593,0.26452502485850093,-0.07928235390618465,0.9966132252326521,-0.021826306386232782,+Y
633,0.960866920144389,0.08304545753413477,0.26426920697497597,-0.0800722216754105,0.9965457601048465,-0.02202242795464893,+Y
635,0.9606468176396724,0.08223177513959135,0.2653217422605276,-0.07926414231929163,0.996613232481584,-0.02189202103496602,+Y
636,0.9607129947711571,0.08215863792413995,0.26510469609624926,-0.07919862068118831,0.9966192644206965,-0.02185452510916624,+Y
637,0.9608006200940677,0.08312020095683681,0.26448667380371027,-0.08013926023448024,0.9965395286655192,-0.02206052529236757,+Y
638,0.9608007788630745,0.08312002526176426,0.26448615225866356,-0.08013910290459496,0.9965395433200248,-0.022060434836219098,+Y
640,0.9623066328791413,0.10311958090231983,0.25165908755961813,-0.09976450464269532,0.9946689660558079,-0.026090066670434352,+Y
641,0.9608007101357772,0.08311876536197489,0.2644867978695485,-0.08013787400546732,0.9965396484057727,-0.022060151975516456,+Y
642,0.9608669435286521,0.08304523648218073,0.26426919141573185,-0.08007200900623776,0.9965457785258129,-0.022022367631258474,+Y
643,0.9606464003510291,0.0822318635436945,0.26532322572805683,-0.07926419368212273,0.9966132251872495,-0.02189216713328596,+Y
644,0.9606464468206042,0.08223212996983109,0.26532297490336776,-0.07926445607587934,0.9966132032040439,-0.021892217849505048,+Y
646,0.960800654101596,0.08311863247412904,0.26448704318657296,-0.08013774031840974,0.9965396594895913,-0.02206013692225108,+Y
647,0.9608666323299576,0.0822318635436945,0.2645245461068165,-0.07928236531137821,0.9966132251872495,-0.02182626703084991,+Y
648,0.9608670094300638,0.08304523648218073,0.26426895180203136,-0.08007201449800586,0.9965457785258129,-0.02202234766350902,+Y
649,0.960580499542217,0.0831188988015936,0.265285417166559,-0.08011963633527566,0.9965396372759141,-0.02212679849170983,+Y
652,0.9609328672891404,0.08215846221500372,0.26430666213687704,-0.07921657581721556,0.9966192789056741,-0.02178869039959802,+Y
653,0.9608006192272696,0.08312020516628371,0.2644866756296246,-0.08013926424890008,0.9965395283144141,-0.0220605265696461,+Y
654,0.960800553271566,0.08312020516628371,0.2644869152267602,-0.08013925874761142,0.9965395283144141,-0.022060546554165034,+Y
660,0.9561334367061786,0.08318927568216417,0.2808707810077596,-0.07981671154920367,0.9965337648125511,-0.02344670863883306,+Y
665,0.9539464456737125,0.08333289775223814,0.28816975368470893,-0.07977258942969262,0.9965217650168083,-0.024097838564208836,+Y
685,0.9484901137592993,0.0849108567715468,0.3052157441928473,-0.08082901800030312,0.9963885519225529,-0.02601006433642197,+Y
690,0.9458440804122615,0.08411618768874711,0.31353379804702824,-0.0798437682314901,0.9964559533510307,-0.026467068328105827,+Y
695,0.943474032600749,0.08428069543267294,0.3205518900045135,-0.07980057382691005,0.996442052694177,-0.027112802133141004,+Y
700,0.9414856241685412,0.08386177694108068,0.32645370552691977,-0.07923376652537598,0.9964773968175518,-0.027473767013603746,+Y
701,0.9389976363520046,0.08359584543633283,0.3336093127464121,-0.07877202372643857,0.9964997414077862,-0.027986311873068367,+Y
702,0.9386498444997947,0.08453801888611769,0.3343498060165753,-0.07963667732766681,0.9964202543920966,-0.02836681620130586,+Y
704,0.9389311215379686,0.0845383024736567,0.33355902689377914,-0.07966081050769037,0.9964202303319983,-0.028299820748289503,+Y
705,0.9386494163650013,0.08453801888611769,0.3343510079548931,-0.07963664100396997,0.9964202543920966,-0.02836691817583293,+Y
706,0.9387158474263588,0.08359584543633283,0.3344013941603678,-0.07874838459990888,0.9964997414077862,-0.028052759171248786,+Y
720,0.9395495992229198,0.07221098084179674,0.3347120028411237,-0.06802338134641575,0.9973893794531129,-0.02423314557242688,+Y
721,0.9398846953474008,0.0666416817532136,0.33492632877220496,-0.06277504742761966,0.9977769722002525,-0.022369782461094785,+Y
722,0.9396595585538812,0.0675001263226446,0.33538581807338297,-0.0635721300466409,0.9977192655985084,-0.022690335716025783,+Y
723,0.939934451113892,0.0675002742051794,0.33461461502966705,-0.06359086770089012,0.9977192555935891,-0.022638210238936682,+Y
724,0.9398846937168404,0.06664168175452638,0.33492633334769245,-0.06277504731995641,0.9977769722001648,-0.02236978276713495,+Y
726,0.9395571089944561,0.06756352192390427,0.33565996103678775,-0.06362517246862003,0.9977149745820387,-0.022730308469095847,+Y
727,0.9396595071201783,0.06750154458937908,0.3353856767315975,-0.06357346841521079,0.9977191696454709,-0.022690805089553966,+Y
728,0.9399863139892428,0.06658054992104485,0.33465319344827377,-0.06272398688586998,0.99778105332393,-0.022330944828420397,+Y
729,0.9398846472835983,0.06664195853759444,0.3349264085778539,-0.06277530610550172,0.9977769537137413,-0.022369881114726896,+Y
735,0.9416050985781915,0.06651324298525416,0.33008457528206114,-0.06276820625287383,0.9977855423424337,-0.02200372187181415,+Y
745,0.9463973157048632,0.06735694822888119,0.3159037232321284,-0.06389153638846795,0.9977289419102223,-0.021326745007835955,+Y
747,0.94647965830091,0.06591683265085845,0.31596080072672206,-0.06252492541992803,0.9978251205362986,-0.02087253046359533,+Y
750,0.9491904773119072,0.06610448711543152,0.3076810598064161,-0.06288329391238734,0.9978127062646606,-0.020383683757421292,+Y
760,0.9536606902324235,0.06568462432056926,0.29362700494553146,-0.06277641402679508,0.9978404331995501,-0.019328520741917217,+Y
765,0.9561916863271088,0.06413390662931232,0.28562965710756044,-0.06145081701138814,0.9979413018912799,-0.01835633591352698,+Y
780,0.9593497438368153,0.06596100278049943,0.27440338028608147,-0.0634177822620548,0.997822201653276,-0.01813942614229187,+Y
785,0.961034717215114,0.06554603351726314,0.26854420455005085,-0.06312776711230715,0.997849546519992,-0.01763994130547189,+Y
800,0.9674689488041764,0.06429839675934483,0.24468254795534464,-0.062335692503788905,0.9979307171212728,-0.01576531845207072,+Y
805,0.9695118704213695,0.06498643479242538,0.2362699650929577,-0.06313858560716548,0.9978861474602049,-0.01538686825045283,+Y
810,0.9707906186795567,0.06454196259361517,0.23108420488715284,-0.06278764441822066,0.9979149939070784,-0.014945790171372762,+Y
817,0.9719491072673974,0.06504059600021046,0.22601914466267403,-0.06335028592396467,0.9978826187843626,-0.014731612315511023,+Y
818,0.9721833712199336,0.063956198933719,0.2253199887746209,-0.06230470910930416,0.9979527066038503,-0.01444017329724369,+Y
840,0.9721893696899515,0.06152667303467525,0.22596968373465245,-0.05992911680983146,0.9981054395730363,-0.013929553227200474,+Y
860,0.9727225140057091,0.05130264594467014,0.2262276492064767,-0.04996904035853436,0.9986831522154941,-0.0116213805794038,+Y
900,0.9733986034554355,0.03422625754538733,0.22654739478847385,-0.033335322127611394,0.9994141100136804,-0.007758415057959015,+Y
920,0.9736796231067774,0.02734591932340541,0.22627459478032838,-0.02663612552095417,0.9996260304215561,-0.006190001686120237,+Y
930,0.9739959569363705,0.018180800253745813,0.22583475014651125,-0.017710953285452167,0.9998347155915989,-0.0041065352290142205,+Y
931,0.9739121670740012,0.013367672869943715,0.22653122554576186,-0.013020102616999317,0.9999106486691909,-0.003028465915383031,+Y
933,0.9738672282674068,0.013380396896864839,0.22672359093319097,-0.013031896674235183,0.9999104784823901,-0.0030339232339807393,+Y
934,0.9739122675679736,0.013367611806235958,0.22653079710098056,-0.013020044473851687,0.9999106494855416,-0.0030284463510425854,+Y
935,0.9739008693485671,0.014258839903674478,0.22652545589117926,-0.01388810847688153,0.9998983375746763,-0.003230318611683832,+Y
936,0.9739121595692413,0.013367940513873107,0.22653124201662397,-0.013020363248231737,0.9999106450910589,-0.003028526781546812,+Y
938,0.9738557047165086,0.01427162531433913,0.22671874007677323,-0.013899919362880528,0.9998981551692587,-0.003235974477387683,+Y
939,0.9736751477709359,0.013380665005533482,0.22754705978600512,-0.013029587451725713,0.9999104748946326,-0.0030450035842573583,+Y
941,0.9739121628868148,0.013367672869943715,0.2265312435474817,-0.013020102561021377,0.9999106486691909,-0.0030284661560456365,+Y
942,0.9739007687109532,0.014258900966630355,0.22652588471836563,-0.013888166529160811,0.999898336703899,-0.0032303385634433815,+Y
944,0.97391205197389,0.013367672869943715,0.2265317203882252,-0.013020101078241192,0.9999106486691909,-0.0030284725308663053,+Y
945,0.9739006537065362,0.014258900966630355,0.22652637915528784,-0.01388816488915749,0.999898336703899,-0.003230345614287302,+Y
946,0.9738672417978922,0.01337880656692081,0.22672362666429496,-0.013030347669088704,0.9999104997622762,-0.003033563049906488,+Y
947,0.9736751688688856,0.01337880656692081,0.2275470787836928,-0.01302777773251485,0.9999104997622762,-0.0030445808426241006,+Y
949,0.973912378483956,0.013367619438372304,0.22653031979466798,-0.013020053391690828,0.999910649383509,-0.0030284416994007467,+Y
951,0.9739122633867684,0.013367619438372304,0.2265308146266477,-0.013020051852977941,0.999910649383509,-0.00302844831471742,+Y
952,0.9739007687109532,0.014258900966630355,0.22652588471836563,-0.013888166529160811,0.999898336703899,-0.0032303385634433815,+Y
953,0.9738675526884396,0.01337880656692081,0.22672229126284446,-0.013030351828805497,0.9999104997622762,-0.0030335451822296315,+Y
955,0.9739006537065362,0.014258900966630355,0.22652637915528784,-0.01388816488915749,0.999898336703899,-0.003230345614287302,+Y
956,0.9739121562516051,0.013368208157797967,0.2265312404857191,-0.013020623935437868,0.9999106415128552,-0.0030285874070461625,+Y
957,0.9737203614193852,0.013368208157797967,0.22735423630966617,-0.013018059753065704,0.9999106415128552,-0.003039590369741786,+Y
958,0.9739007757650469,0.014258365710860574,0.22652588808234558,-0.013887645184731913,0.9998983443366908,-0.003230217325140376,+Y
961,0.9738671198553607,0.01337934280991533,0.22672411881094412,-0.013030868407167448,0.9999104925871989,-0.0030336912467023238,+Y
962,0.9739007687109532,0.014258900966630355,0.22652588471836563,-0.013888166529160811,0.999898336703899,-0.0032303385634433815,+Y
963,0.9739121669810187,0.013367672869943715,0.22653122594551625,-0.013020102615756245,0.9999106486691909,-0.0030284659207272945,+Y
964,0.9739122675679736,0.013367611806235958,0.22653079710098056,-0.013020044473851687,0.9999106494855416,-0.0030284463510425854,+Y
966,0.9738675526884396,0.01337880656692081,0.22672229126284446,-0.013030351828805497,0.9999104997622762,-0.0030335451822296315,+Y
967,0.9738675526884396,0.01337880656692081,0.22672229126284446,-0.013030351828805497,0.9999104997622762,-0.0030335451822296315,+Y
968,0.9739007687109532,0.014258900966630355,0.22652588471836563,-0.013888166529160811,0.999898336703899,-0.0032303385634433815,+Y
969,0.9739120478772197,0.013367672869943715,0.22653173800075402,-0.013020101023473351,0.9999106486691909,-0.0030284727663258673,+Y
970,0.9737109396042863,0.022254343064131685,0.2266974863330464,-0.021674665211626358,0.9997523414400108,-0.005046253380477469,+Y
972,0.9739007687109532,0.014258900966630355,0.22652588471836563,-0.013888166529160811,0.999898336703899,-0.0032303385634433815,+Y
973,0.9738675526884396,0.01337880656692081,0.22672229126284446,-0.013030351828805497,0.9999104997622762,-0.0030335451822296315,+Y
974,0.9738675526884396,0.01337880656692081,0.22672229126284446,-0.013030351828805497,0.9999104997622762,-0.0030335451822296315,+Y
975,0.9737091948299602,0.014258839903674478,0.22734794784249068,-0.013885375142729722,0.9998983375746763,-0.00324204758513553,+Y
977,0.9739119385209118,0.013367665238722704,0.22653220859847992,-0.013020092127373553,0.9999106487712117,-0.0030284773285036396,+Y
978,0.9739005401715869,0.014258900967676368,0.22652686727336596,-0.013888163271128316,0.9998983367038841,-0.0032303525752593112,+Y
979,0.9738672372620746,0.013379350247599746,0.22672361406453873,-0.01303087722339525,0.9999104924876786,-0.003033686179674202,+Y
981,0.973867243856971,0.013378814980739367,0.22672361732324708,-0.01303035589278195,0.9999104996496992,-0.0030335648330468952,+Y
983,0.9737203615003024,0.013368200531161275,0.22735423641155023,-0.013018052325944942,0.9999106416148188,-0.0030395886366908417,+Y
984,0.9739121548611998,0.013368200531161275,0.22653124691347337,-0.013020616487183272,0.9999106416148188,-0.00302858576484665,+Y
985,0.9739007742876011,0.014258365707323037,0.22652589443453777,-0.01388764516021755,0.9998983443367412,-0.0032302174149198754,+Y
986,0.9738675517927409,0.013378814980739367,0.2267222946137504,-0.013030360012966398,0.9999104996496992,-0.0030335471351773005,+Y
988,0.9739005372252727,0.014258900967676368,0.22652687994037066,-0.013888163229112842,0.9998983367038841,-0.003230352755895241,+Y
989,0.9739125925154847,0.013367558374664502,0.22652940321924536,-0.013019996766380527,0.9999106501998566,-0.00302841560944063,+Y
990,0.9735886309663607,0.030748307578848316,0.22622935095624516,-0.02995036444045956,0.9995271590012133,-0.006959460384765198,+Y
991,0.9739121642701898,0.013367680503126084,0.22653123714958376,-0.013020110015557779,0.9999106485671438,-0.0030284678001308222,+Y
992,0.9739007701788447,0.014258900967676368,0.22652587840740626,-0.013888166551112482,0.9998983367038841,-0.003230338473683909,+Y
994,0.9738672396756295,0.013378799126602045,0.22672363621929698,-0.01303034039286425,0.9999104998618277,-0.0030335614904033153,+Y
995,0.973900767236076,0.014258900967676368,0.2265258910592261,-0.013888166509147568,0.9998983367038841,-0.0032303386541032973,+Y
996,0.9739121654214616,0.013367680503126084,0.2265312321999901,-0.013020110030948988,0.9999106485671438,-0.0030284677339603235,+Y
997,0.973911935405235,0.013367680503126084,0.2265322210927082,-0.013020106955890799,0.9999106485671438,-0.003028480954343491,+Y
999,0.9738672396756295,0.013378799126602045,0.22672363621929698,-0.01303034039286425,0.9999104998618277,-0.0030335614904033153,+Y
1001,0.9736752837391652,0.013378799126602045,0.2275465876900512,-0.013027772023079686,0.9999104998618277,-0.0030445725783153675,+Y
1002,0.9739007701788447,0.014258900967676368,0.22652587840740626,-0.013888166551112482,0.9998983367038841,-0.003230338473683909,+Y
1003,0.9739007701788447,0.014258900967676368,0.22652587840740626,-0.013888166551112482,0.9998983367038841,-0.003230338473683909,+Y
1005,0.9739121654214616,0.013367680503126084,0.2265312321999901,-0.013020110030948988,0.9999106485671438,-0.0030284677339603235,+Y
1006,0.973900767236076,0.014258900967676368,0.2265258910592261,-0.013888166509147568,0.9998983367038841,-0.0032303386541032973,+Y
1007,0.9738670090908239,0.013378799126602045,0.22672462666949778,-0.013030337307640328,0.9999104998618277,-0.0030335747426236724,+Y
1008,0.9738672394801763,0.013378799126602045,0.22672363705884516,-0.013030340390249088,0.9999104998618277,-0.0030335615016364673,+Y
1010,0.9732240943741954,0.03935215916978089,0.2264647206480587,-0.038328158316050624,0.9992254037846897,-0.008918784189760928,+Y
1011,0.973720130479549,0.013368215786396095,0.22735522493573512,-0.013018064095649222,0.9999106414108655,-0.0030396053219486244,+Y
1012,0.9739121576350277,0.013368215786396095,0.22653123408787004,-0.01302063138550991,0.9999106414108655,-0.0030285890500898376,+Y
1013,0.9739007772302616,0.014258365716490062,0.22652588178260633,-0.01388764521110984,0.9998983443366105,-0.0032302172365828714,+Y
1014,0.9738675534547078,0.013378800116503909,0.22672228835203737,-0.01303034555551946,0.9999104998485827,-0.0030335436804370002,+Y
1016,0.9739007701788447,0.014258900967676368,0.22652587840740626,-0.013888166551112482,0.9998983367038841,-0.003230338473683909,+Y
1017,0.9739119342525762,0.013367680503126084,0.2265322260482424,-0.013020106940481047,0.9999106485671438,-0.003028481020593409,+Y
1018,0.9737205698611641,0.013367558374664502,0.2273533817922,-0.013017429662969463,0.9999106501998566,-0.0030394311753526864,+Y
1019,0.9739007701788447,0.014258900967676368,0.22652587840740626,-0.013888166551112482,0.9998983367038841,-0.003230338473683909,+Y
1022,0.9738672439131487,0.01337881400920584,0.22672361713927128,-0.013030354947134844,0.9999104996626984,-0.003033564610256548,+Y
1023,0.9739007701788447,0.014258900967676368,0.22652587840740626,-0.013888166551112482,0.9998983367038841,-0.003230338473683909,+Y
1024,0.973912168533593,0.013367665238722704,0.22653121972094675,-0.013020095202380831,0.9999106487712117,-0.003028464108338576,+Y
1025,0.973912168533593,0.013367665238722704,0.22653121972094675,-0.013020095202380831,0.9999106487712117,-0.003028464108338576,+Y
1030,0.972924919514128,0.04784581747475445,0.22611474684018337,-0.04660376186359958,0.9988547330569008,-0.010831049348443573,+Y
1060,0.9719904461270846,0.06492940533986442,0.22587329403867715,-0.06324421582432148,0.9978898598153063,-0.014696831037848268,+Y
1075,0.9715378728667328,0.07330478742227896,0.22525667520976736,-0.07141050113346616,0.9973095849037923,-0.016556937726908777,+Y
1090,0.9927350573459348,0.03929243733249353,0.11372427306795904,-0.03903712629307623,0.9992277540022956,-0.004471957323851411,+Y
1101,0.9707647436097075,0.08187911453583878,0.22563604137461238,-0.07975314731466424,0.9966422681197236,-0.01853712196050049,+Y
1103,0.9707642682169448,0.08187981244733637,0.22563783341188282,-0.07975379263714452,0.9966422107825802,-0.018537428257510053,+Y
1104,0.9709524194554607,0.08187981244733637,0.22482681216255335,-0.07976925032893677,0.9966422107825802,-0.018470798260237755,+Y
1105,0.9709528933802551,0.08187911453583878,0.22482501960266324,-0.079768604753211,0.9966422681197236,-0.018470492492053635,+Y
1106,0.9707647436390158,0.08187911453583878,0.22563604124851838,-0.07975314731707206,0.9966422681197236,-0.01853712195014124,+Y
1108,0.970952379510597,0.08188033788124192,0.22482679331245917,-0.07976976239242344,0.9966421676150642,-0.018470916041243013,+Y
1109,0.9709528933084023,0.08187911468727133,0.22482501985782435,-0.0797686048958329,0.9966422681072826,-0.018470492547407482,+Y
1111,0.9707642691596318,0.08187979795201737,0.2256378346162338,-0.07975377850034883,0.9966422119734528,-0.018537425052592545,+Y
1112,0.9707642293026028,0.08188032323449101,0.22563781547767853,-0.07975429032269174,0.9966421688183855,-0.018537543205843866,+Y
1114,0.9709528933802551,0.08187911453583878,0.22482501960266324,-0.079768604753211,0.9966422681197236,-0.018470492492053635,+Y
1115,0.9707642692177906,0.08187979779177887,0.22563783442416402,-0.07975377834799556,0.9966422119866173,-0.018537425000290386,+Y
1116,0.9707642692177906,0.08187979779177887,0.22563783442416402,-0.07975377834799556,0.9966422119866173,-0.018537425000290386,+Y
1117,0.9707647436390158,0.08187911453583878,0.22563604124851838,-0.07975314731707206,0.9966422681197236,-0.01853712195014124,+Y
1119,0.9709524192550044,0.08187981244733637,0.22482681302825788,-0.07976925031246815,0.9966422107825802,-0.018470798331360293,+Y
1121,0.9707644946531852,0.08187981244733637,0.22563685921040244,-0.07975381124016644,0.9966422107825802,-0.018537348221330935,+Y
1122,0.970764517207235,0.08187911453583878,0.22563701543459327,-0.07975312871457615,0.9966422681197236,-0.01853720198436792,+Y
1123,0.9709526278178331,0.08187963996977454,0.22482597512757393,-0.07976909828119483,0.9966422249525755,-0.018470690322372408,+Y
1125,0.9707644945962426,0.08187981258997061,0.22563685940362904,-0.07975381137535675,0.996642210770862,-0.018537348269715526,+Y
1126,0.9707644772929825,0.08187963996977454,0.22563699648883478,-0.07975364068081509,0.9966422249525755,-0.01853732018753891,+Y
1127,0.9708137536490047,0.08180818136243982,0.22545083097673402,-0.07968761308853219,0.9966480930911222,-0.01850575202693047,+Y
1128,0.9710017045253169,0.08180887927801644,0.22463970503943506,-0.07970372525763911,0.9966480358036507,-0.018439330486214812,+Y
1131,0.97076497007003,0.08187911453583878,0.2256350670613076,-0.07975316591950499,0.9966422681197236,-0.018537041915821242,+Y
1132,0.9707640427187355,0.08187979779177887,0.2256388088914547,-0.07975375973981641,0.9966422119866173,-0.018537505058292904,+Y
1133,0.9709521704457844,0.08187979779177887,0.22482789288742175,-0.07976921549722316,0.9966422119866173,-0.018470883719523816,+Y
1134,0.9709530946713661,0.08187911453583878,0.22482415028400335,-0.07976862129027595,0.9966422681197236,-0.018470421073206175,+Y
1135,0.9718732355624423,0.06821580361637408,0.2254085582544769,-0.06645190758225131,0.997670588990661,-0.015412327588902541,+Y
1140,0.9722842263277929,0.05982491637623314,0.22601850060280904,-0.05827119290408586,0.998208885644972,-0.013545799974829907,+Y
1160,0.9728125852877666,0.05121926146228164,0.22585894084802177,-0.04989222909250404,0.9986874322105282,-0.011583532316295504,+Y
1180,0.9730937363913102,0.04276987977171574,0.22640520661043165,-0.04165722055031686,0.9990849500339363,-0.009692192306659915,+Y
1220,0.9737218234537892,0.025629212050774508,0.22629395488939616,-0.024963923296345086,0.9996715177945485,-0.005801641491661154,+Y
1240,0.9738039678618989,0.017120548946336803,0.2267437297483606,-0.01667450243336918,0.9998534326608955,-0.003882546177894016,+Y
1260,0.9739061216413482,0.00856117814971355,0.22678970977140164,-0.008338089379075445,0.9999633524428228,-0.0019416582649070832,+Y
1280,0.9736572512624333,-5.8433424679783294e-06,0.228016571831826,5.689412765653955e-06,0.9999999999829277,1.332378917610487e-06,+Y
1300,0.9739061220645645,-0.008561121787203236,0.22678971008162238,0.008338034484869606,0.9999633529253683,0.001941645483720233,+Y
1340,0.9736354486767098,-0.02567634586634648,0.22665996193208393,0.025007645341485352,0.9996703082831618,0.005821718949136404,+Y
1360,0.9733989269900425,-0.0342255473568421,0.22654611195683405,0.033334640694242405,0.9994141343347734,0.007758209952121643,+Y
1380,0.9730937362754153,-0.04276987977171574,0.22640520710855017,0.041657220545355506,0.9990849500339363,0.009692192327983896,+Y
1395,0.9729016070502575,-0.0511267261236298,0.22549616598715294,0.04980641214295505,0.9986921737331675,0.011543978238317548,+Y
1430,0.9717805220237644,-0.06833097132976405,0.2257731059545198,0.0665582731277835,0.9976627077109432,0.015463438204888666,+Y
1450,0.9710754238786712,-0.0783550558546524,0.22555045191901826,0.07632332388572625,0.9969255163862616,0.017727521231695815,+Y
1451,0.9708123990547363,-0.08157755887748246,0.2255402131088346,0.07946135060354029,0.9966669964875886,0.018460549089080843,+Y
1452,0.9708624363342125,-0.0815049256374191,0.2253510080120254,0.07939422010038673,0.9966729388805732,0.018428529995975364,+Y
1454,0.9709352180145507,-0.08245895370917923,0.22468939310128602,0.08033588914979699,0.9965944616308017,0.01859096450763367,+Y
1455,0.9710516247693973,-0.08150614530345933,0.22453394021947978,0.07941088762283574,0.9966728391391888,0.018361989249043222,+Y
1456,0.9708624163607009,-0.08150561616451464,0.22535084431149552,0.07939489561010203,0.9966728824110962,0.018428673783487264,+Y
1457,0.970813332549438,-0.08157686591216856,0.22553644559627675,0.07946074749869118,0.9966670532068109,0.018460082854667034,+Y
1459,0.970862376430102,-0.08150614438532627,0.22535082529232733,0.079395410327401,0.9966728392142721,0.018428792459227527,+Y
1461,0.9707956021383313,-0.08238494435827087,0.2253189291026375,0.08025175087562822,0.9966005824517085,0.018626205687458004,+Y
1462,0.9707951466288269,-0.08238494435827087,0.22532089167451588,0.08025171322049754,0.9966005824517085,0.018626367925347328,+Y
1463,0.9708128766001997,-0.08157686591216856,0.22553840820399867,0.07946071017939808,0.9966670532068109,0.018460243493454535,+Y
1465,0.970862376430102,-0.08150614438532627,0.22535082529232733,0.079395410327401,0.9966728392142721,0.018428792459227527,+Y
1466,0.9708128550076234,-0.08157755887748246,0.22553825050207807,0.07946138792345118,0.9966669964875886,0.018460388448998652,+Y
1467,0.9709844991180848,-0.0823849319921161,0.22450350877671515,0.08026735409525457,0.9966005834739685,0.018558795378273256,+Y
1468,0.9709849752828332,-0.08238423907297783,0.22450170361795072,0.08026671373540928,0.9966006407545434,0.018558488994296532,+Y
1471,0.9708623747664652,-0.08150614775469926,0.2253508312409977,0.07939541349541906,0.9966728389387307,0.018428793712619847,+Y
1472,0.9708619591789173,-0.08150561860682522,0.2253528130616369,0.07939486061779925,0.9966728822113696,0.018428835339257942,+Y
1473,0.9708123990477832,-0.08157755887748246,0.22554021313876318,0.07946135060297119,0.9966669964875886,0.01846054909153051,+Y
1474,0.9708628519749259,-0.08150545384936227,0.22534902628572076,0.07939477206443908,0.9966728956848427,0.018428488164423214,+Y
1476,0.9707458792931822,-0.08245842475757538,0.22550619951967085,0.08031970436619683,0.9965945053965024,0.01865842715845744,+Y
1477,0.9708623763678711,-0.08150614530345933,0.225350825228357,0.07939541122264952,0.9966728391391888,0.018428792662977197,+Y
1478,0.9708624163607009,-0.08150561616451464,0.22535084431149552,0.07939489561010203,0.9966728824110962,0.018428673783487264,+Y
1479,0.9710022239536195,-0.08157808802223167,0.22472137555595822,0.07947740681377143,0.9966669531767556,0.01839364704242357,+Y
1480,0.9718856351702357,-0.06663277341654283,0.22582822156800308,0.0649036793842716,0.9977775671495224,0.015081077400637353,+Y
1482,0.9708628919046002,-0.0815049256374191,0.22534904530411326,0.07939425735556757,0.9966729388805732,0.01842836949160509,+Y
1483,0.9707454235158429,-0.08245842461184547,0.22550816156755668,0.08031966651216857,0.9965945054085601,0.01865858946548284,+Y
1484,0.9707950393741357,-0.08238648957134577,0.22532078879384576,0.08025321984251503,0.9966004547139794,0.018626711164304255,+Y
1485,0.9708624147599013,-0.08150561860682522,0.22535085032475924,0.0793948978741655,0.9966728822113696,0.01842867483114517,+Y
1487,0.970862851912092,-0.08150545477639377,0.22534902622113176,0.07939477296836463,0.9966728956090324,0.01842848837014604,+Y
1488,0.9708624147599013,-0.08150561860682522,0.22535085032475924,0.0793948978741655,0.9966728822113696,0.01842867483114517,+Y
1489,0.9707458803697527,-0.08245840975200233,0.2255062003722394,0.08031968973883548,0.9965945066380664,0.01865842381034152,+Y
1491,0.9707954974511551,-0.08238647226928084,0.22531882148543916,0.08025324074136476,0.996600456144298,0.018626544593282224,+Y
1493,0.9710022427943931,-0.08157739504801848,0.22472154570810085,0.07947672870313041,0.9966670098970767,0.01839350367574041,+Y
1494,0.9708624363342125,-0.0815049256374191,0.2253510080120254,0.07939422010038673,0.9966729388805732,0.018428529995975364,+Y
1495,0.9708619375959465,-0.08150631159973841,0.22535265540226282,0.07939553841368813,0.9966728255397588,0.018428980183239272,+Y
1496,0.9708618976656276,-0.0815068398116215,0.2253526363835557,0.07939605312205968,0.9966727823432938,0.018429098857958445,+Y
1498,0.9707463584483198,-0.08245771683708919,0.22550439572953024,0.0803190497314396,0.9965945639697291,0.018658116631217452,+Y
1499,0.9708628919046002,-0.0815049256374191,0.22534904530411326,0.07939425735556757,0.9966729388805732,0.01842836949160509,+Y
1500,0.9722842574457197,-0.05982434910232149,0.2260185168912257,0.058270640243264234,0.9982089196428189,0.013545672045214634,+Y
1501,0.9708619375959465,-0.08150631159973841,0.22535265540226282,0.07939553841368813,0.9966728255397588,0.018428980183239272,+Y
1502,0.9708118814634195,-0.08157878100209293,0.22554199897063093,0.07946250663465394,0.996666896455487,0.018460973677599336,+Y
1504,0.9710521388232076,-0.0815049256374191,0.2245321597983518,0.07940973340134597,0.9966729388805732,0.018361567043375528,+Y
1505,0.970935736107491,-0.08245771683708919,0.22468760821064238,0.08033471874064331,0.9965945639697291,0.018590536055942943,+Y
1506,0.9707950011598111,-0.08238742686524006,0.22532061072535534,0.0802541359471655,0.9966003772297725,0.018626909804075345,+Y
1507,0.9708619208319154,-0.08150657082984793,0.22535263386550997,0.07939579124832857,0.9966728043403005,0.01842903742719217,+Y
1520,0.9727224037370793,-0.05130264601674247,0.22622812331723763,0.04996903476438662,0.9986831522117917,0.011621404950981778,+Y
1540,0.9731615899198302,-0.04105991728143426,0.22643012851109318,0.03999165990997563,0.9991566860071757,0.009305049425074102,+Y
1570,0.9737622464781701,-0.024197623556659314,0.22627762228730772,0.023569633589022827,0.9997071946396155,0.0054769844137993184,+Y
1571,0.9737812934478468,-0.019396619299709487,0.22665781189003947,0.018891619150490452,0.9998118678830243,0.004397222547322903,+Y
1572,0.9737527291305884,-0.018530876572788707,0.22685287991157407,0.018047590613630038,0.9998282885643135,0.004204504679357881,+Y
1573,0.9737527291305884,-0.018530876572788707,0.22685287991157407,0.018047590613630038,0.9998282885643135,0.004204504679357881,+Y
1575,0.9737812934478468,-0.019396619299709487,0.22665781189003947,0.018891619150490452,0.9998118678830243,0.004397222547322903,+Y
1576,0.9737817489652805,-0.019396619299709487,0.22665585485899456,0.01889162798765125,0.9998118678830243,0.004397184580393968,+Y
1577,0.973781293447851,-0.019396619299709487,0.22665781189002138,0.018891619150490535,0.9998118678830243,0.004397222547322552,+Y
1578,0.9737804391541194,-0.01939694799464568,0.22666145399979987,0.01889192283438273,0.9998118615062,0.004397367749770018,+Y
1580,0.9732242211004917,-0.019485657748799855,0.22903040105068578,0.01896751532316091,0.9998101365469829,0.0044636554939892015,+Y
1581,0.9737372348306119,-0.019413741495945516,0.22684555130211945,0.018907446343243612,0.999811535561142,0.004404751031416038,+Y
1582,0.973781293447851,-0.019396619299709487,0.22665781189002138,0.018891619150490535,0.9998118678830243,0.004397222547322552,+Y
1583,0.973781293447851,-0.019396619299709487,0.22665781189002138,0.018891619150490535,0.9998118678830243,0.004397222547322552,+Y
1584,0.9737817489652805,-0.019396619299709487,0.22665585485899456,0.01889162798765125,0.9998118678830243,0.004397184580393968,+Y
1586,0.9737367782100058,-0.019413741495945516,0.22684751134259015,0.018907437476858205,0.999811535561142,0.0044047890903078065,+Y
1587,0.9737367782100058,-0.019413741495945516,0.22684751134259015,0.018907437476858205,0.999811535561142,0.0044047890903078065,+Y
1588,0.9737963524951544,-0.018515608866906664,0.22666679530848993,0.01803352384020019,0.9998285714202649,0.004197593312507062,+Y
1589,0.9737958969557334,-0.018515608866906664,0.2266687523688839,0.01803351540416427,0.9998285714202649,0.004197629554884825,+Y
1592,0.9737817489652805,-0.019396619299709487,0.22665585485899456,0.01889162798765125,0.9998118678830243,0.004397184580393968,+Y
1593,0.9737817489652805,-0.019396619299709487,0.22665585485899456,0.01889162798765125,0.9998118678830243,0.004397184580393968,+Y
1594,0.9737367782175184,-0.019413741028759472,0.22684751135032485,0.01890743702183054,0.9998115355702135,0.00440478898441806,+Y
1595,0.9737367782175184,-0.019413741028759472,0.22684751135032485,0.01890743702183054,0.9998115355702135,0.00440478898441806,+Y
1597,0.9737808946787243,-0.01939694800361452,0.22665949697034174,0.018891931680571083,0.9998118615060261,0.0043973297842622595,+Y
1598,0.9737804391539711,-0.01939694800361452,0.22666145399966978,0.018891922843118462,0.9998118615060261,0.004397367751801533,+Y
1599,0.9737812934478468,-0.019396619299709487,0.22665781189003947,0.018891619150490452,0.9998118678830243,0.004397222547322903,+Y
1600,0.967563580278725,-0.01982523866481353,0.25184852199307906,0.019185949696641613,0.999803460642082,0.004993938561371665,+Y
1601,0.9737372348381286,-0.019413741028759472,0.2268455513098361,0.018907445888215815,0.9998115355702135,0.004404750925526858,+Y
1603,0.9739705226869292,-0.019396619299709487,0.22584329101545658,0.018895290248652774,0.9998118678830243,0.004381420623157507,+Y
1604,0.9737967505363501,-0.018515310018219523,0.2266651096657243,0.01803324004384323,0.9998285769545343,0.004197494323034792,+Y
1605,0.9737972060684501,-0.018515310018219523,0.2266631526036149,0.01803324847960737,0.9998285769545343,0.004197458081210427,+Y
1606,0.973781293447851,-0.019396619299709487,0.22665781189002138,0.018891619150490535,0.9998118678830243,0.004397222547322552,+Y
1608,0.9737363769703085,-0.019414070885224562,0.22684920545684298,0.01890775060556406,0.999811529165204,0.004404896749563601,+Y
1609,0.9737817489652805,-0.019396619299709487,0.22665585485899456,0.01889162798765125,0.9998118678830243,0.004397184580393968,+Y
1610,0.9631041013543225,-0.01904459988726309,0.2684544526909863,0.018345259445101472,0.9998186351609646,0.005113535054916169,+Y
1611,0.973781293447851,-0.019396619299709487,0.22665781189002138,0.018891619150490535,0.9998118678830243,0.004397222547322552,+Y
1612,0.9696833825089708,-0.01892957047716316,0.2436304764341098,0.01835897949851412,0.9998208196279722,0.0046126467698085665,+Y
1613,0.965389654474484,-0.019857908399904128,0.260054760594028,0.019174400284746807,0.9998028122954951,0.0051651621212973,+Y
1620,0.9592022791006845,-0.019713989298574368,0.2820325271914365,0.01891337908333562,0.9998056604290334,0.00556106695826865,+Y
1630,0.9563233357915079,-0.020021711890130765,0.2916244305156746,0.019151069222267426,0.9997995454354781,0.005839990980757155,+Y
1640,0.9530071841817402,-0.019502241204726635,0.3023193170903628,0.018589311417244493,0.9998098132084885,0.005897025779156889,+Y
1645,0.951239571910496,-0.019294933050130976,0.30784896035251985,0.018357521374341636,0.9998138354506758,0.005941031088929487,+Y
1655,0.9457210695299043,-0.020278117952483563,0.32434619865125436,0.01918138751667949,0.9997943778259133,0.006578483155698468,+Y
1660,0.9434007515387729,-0.019448166478357124,0.3310842654320929,0.01835088563851114,0.9998108665245793,0.006440199969890631,+Y
1665,0.9404854474997766,-0.01949971501182762,0.3392740546455071,0.018342685831790998,0.9998098624810907,0.006617005517506326,+Y
1670,0.9380870062581581,-0.020226638961514304,0.3458086924383584,0.018978229744701914,0.9997954206117973,0.006995978804767776,+Y
1682,0.9338687075351262,-0.02061436482827019,0.3570214069903932,0.019255201942221585,0.9997875014035368,0.0073613338083046605,+Y
1684,0.9338694084112779,-0.02061436482827019,0.3570195736879101,0.019255216393409134,0.9997875014035368,0.007361296007905902,+Y
1686,0.9338715636133977,-0.02061399289523491,0.3570139576699808,0.01925491327177316,0.9997875090722604,0.007361047342687664,+Y
1690,0.933972617212494,-0.025434975088603422,0.35643823074901254,0.02376325817269654,0.9996764786881014,0.009068931512347406,+Y
1720,0.9333084869068523,-0.044598005632531655,0.35629522332083347,0.041665153402443825,0.9990050139481786,0.015905882507743767,+Y
1740,0.9330218495409925,-0.05171724334022229,0.3560836348674192,0.04831797870272108,0.9986617679381183,0.01844034145006971,+Y
1755,0.9329638289981315,-0.062156454896108264,0.35456320860446516,0.058102069261182186,0.9980664181880623,0.02208108767295509,+Y
1770,0.9320452162213786,-0.07124587815845178,0.35526854598215496,0.06657355773431417,0.9974587835321472,0.025375905208778155,+Y
1791,0.9311464115023971,-0.08582370849282459,0.35440182195743203,0.08021038734454818,0.9963103387301261,0.03052871929018441,+Y
1792,0.9311450236397055,-0.08582370849282459,0.35440546837139925,0.0802102677919164,0.9963103387301261,0.03052903339790487,+Y
1793,0.9312090060085778,-0.08489910970584247,0.3544600517684214,0.07934528752171434,0.9963895529215244,0.030202386941120367,+Y
1794,0.9312090060085778,-0.08489910970584247,0.3544600517684214,0.07934528752171434,0.9963895529215244,0.030202386941120367,+Y
1796,0.9314998549756026,-0.08489757626875717,0.35369537984559807,0.07936862583525162,0.9963896835795173,0.03013668344946519,+Y
1797,0.9314976318890675,-0.08489910979398213,0.3537008664694628,0.07936988047626485,0.9963895529140143,0.030137699265107554,+Y
1798,0.9311427950399714,-0.08582524189593022,0.3544109522837223,0.08021151955627413,0.99631020663923,0.030530055305688322,+Y
1799,0.9312112318292696,-0.0848976090406198,0.35445456365266387,0.07934406449454287,0.9963896807871838,0.03020138159587653,+Y
1800,0.9321408810989177,-0.07154515153660293,0.3549572778176802,0.06686150241253527,0.9974373620892715,0.025460718833803905,+Y
1802,0.9311427950399714,-0.08582524189593022,0.3544109522837223,0.08021151955627413,0.99631020663923,0.030530055305688322,+Y
1803,0.9311463919065491,-0.08582398662897764,0.35440180608812416,0.08021064753000763,0.9963103147710101,0.030528817594329016,+Y
1804,0.9312112333659295,-0.08489757617075139,0.3544545674884662,0.07934403368275296,0.9963896835878678,0.030201370144725178,+Y
1805,0.931207637070775,-0.08489883153770272,0.3544637147362146,0.07934490902064527,0.9963895766232869,0.030202599374437165,+Y
1807,0.9312112317020491,-0.0848976090406198,0.35445456398689335,0.07934406448370303,0.9963896807871838,0.030201381624354626,+Y
1808,0.9312098436328166,-0.0848976090406198,0.35445821065469946,0.07934394621294882,0.9963896807871838,0.030201692339513236,+Y
1809,0.931432731755005,-0.08582524189593022,0.35364826320641535,0.08023649560142196,0.99631020663923,0.03046435491025419,+Y
1811,0.931432731755005,-0.08582524189593022,0.35364826320641535,0.08023649560142196,0.99631020663923,0.03046435491025419,+Y
1813,0.9312112317020491,-0.0848976090406198,0.35445456398689335,0.07934406448370303,0.9963896807871838,0.030201381624354626,+Y
1814,0.9311441829241383,-0.08582524189593022,0.35440730587848224,0.08021163911290774,0.99631020663923,0.03052974119306587,+Y
1815,0.931207637070775,-0.08489883153770272,0.3544637147362146,0.07934490902064527,0.9963895766232869,0.030202599374437165,+Y
1816,0.9312112333659295,-0.08489757617075139,0.3544545674884662,0.07934403368275296,0.9963896835878678,0.030201370144725178,+Y
1818,0.931207617686152,-0.08489910979398213,0.3544636990151047,0.07934516931025239,0.9963895529140143,0.030202697742718516,+Y
1819,0.9312090057769271,-0.08489910979398213,0.3544600523558844,0.07934528758494805,0.9963895529140143,0.030202387022759018,+Y
1820,0.9329528370668849,-0.05349354027976683,0.3560020294284673,0.04997850962163232,0.9985681955421657,0.019071115008395343,+Y
1821,0.9311464115029631,-0.08582370848295925,0.35440182195833414,0.08021038733530843,0.996310338730976,0.03052871928672684,+Y
1822,0.9311450236402216,-0.08582370848295925,0.35440546837243253,0.08021026778267236,0.996310338730976,0.03052903339445856,+Y
1824,0.9314975960537157,-0.08489910974991892,0.3537009608550984,0.07936987738135863,0.9963895529177688,0.03013770729164503,+Y
1825,0.9314335692523312,-0.08582370848789861,0.3536464295468663,0.08023512355117125,0.9963103387305504,0.030463648621661895,+Y
1826,0.9312112335332678,-0.0848975762197609,0.3544545670371022,0.07934403374314715,0.9963896835836921,0.030201370123827783,+Y
1827,0.9312090059748399,-0.08489910974991892,0.35446005184649754,0.07934528756033184,0.9963895529177688,0.030202386963566776,+Y
1829,0.9312112317957895,-0.08489760907975849,0.3544545637312477,0.0793440645285342,0.996389680783849,0.030201381616596513,+Y
1831,0.9312112317957895,-0.08489760907975849,0.3544545637312477,0.0793440645285342,0.996389680783849,0.030201381616596513,+Y
1832,0.9311427950399663,-0.0858252418959369,0.35441095228373376,0.08021151955628,0.9963102066392293,0.030530055305691705,+Y
1833,0.931144182924158,-0.0858252418959369,0.3544073058784283,0.08021163911291576,0.9963102066392293,0.03052974119306362,+Y
1835,0.9312098532912773,-0.08489746995653624,0.35445821859313237,0.07934381610645577,0.9963896926378649,0.030201643178573993,+Y
1836,0.931144182924158,-0.0858252418959369,0.3544073058784283,0.08021163911291576,0.9963102066392293,0.03052974119306362,+Y
1837,0.9312090058106054,-0.08489910974991892,0.354460052277961,0.07934528754633795,0.9963895529177688,0.030202387000330372,+Y
1838,0.9314998129502797,-0.0848975762197609,0.3536954905361445,0.0793686222083379,0.9963896835836921,0.03013669286335586,+Y
1841,0.9311427950399663,-0.0858252418959369,0.35441095228373376,0.08021151955628,0.9963102066392293,0.030530055305691705,+Y
1842,0.9312090059748399,-0.08489910974991892,0.35446005184649754,0.07934528756033184,0.9963895529177688,0.030202386963566776,+Y
1855,0.9304280362942423,-0.030132317053942835,0.3652337782114365,0.02804868897234324,0.9995459186395393,0.011010339593858356,+Y
1857,0.9305338283229198,-0.03025521008578969,0.36495399245570076,0.02816639086289871,0.9995422063438165,0.011046816876081823,+Y
1860,0.9327418475305654,-0.014569084770309193,0.3602504512616506,0.013590637484369663,0.9998938652521854,0.005249076472380784,+Y
1863,0.9343607533068,0.0,0.3563284758196421,0.0,1.0,0.0,+Y
2420,0.971897026929569,0.0,0.23540639125874346,0.0,1.0,0.0,+Y
2445,0.9737218565690444,0.0,0.22774052349051385,0.0,1.0,0.0,+Y
2460,0.97437912068157,0.0,0.22491182534453477,0.0,1.0,0.0,+Y
2480,0.9731760203435884,0.0,0.23006180349683342,0.0,1.0,0.0,+Y
2610,0.24262982361571953,0.0,-0.9701189456413088,0.0,1.0,0.0,+Y
2640,0.9729812042274513,0.0,0.23088433515528675,0.0,1.0,0.0,+Y
2670,0.9729210963705639,0.0,0.23113749206284107,0.0,1.0,0.0,+Y
2710,0.23921283669514873,0.01851594581339664,-0.9707905945727408,-0.0044300113803182216,0.999828565180369,0.017978188132703795,+Y
3010,0.9692214531107448,0.0,0.24619052546736314,0.0,1.0,0.0,+Y
3040,0.2339403826872547,0.0,-0.9722509436087685,0.0,1.0,0.0,+Y
3110,0.9708711719414482,0.0,0.23960210243868663,0.0,1.0,0.0,+Y
