JOBNAME,ISSUE_NO,UPDATE_TIME,FROM_NODE,TO_NODE,FROM_NODE_X,FROM_NODE_Y,FROM_NODE_Z,TO_NODE_X,TO_NODE_Y,TO_NODE_Z
21MARCH2023,,20240528 110018,2,5,0.00,0.00,0.00,-240.00,0.00,0.00
21MARCH2023,,20240528 110018,5,10,-240.00,0.00,0.00,-480.00,0.00,0.00
21MARCH2023,,20240528 110018,10,20,-480.00,0.00,0.00,-811.38,0.00,181.86
21MARCH2023,,20240528 110018,20,30,-811.38,0.00,181.86,-931.38,0.00,181.86
21MARCH2023,,20240528 110018,30,40,-931.38,0.00,181.86,-1051.38,0.00,181.86
21MARCH2023,,20240528 110018,40,50,-1051.38,0.00,181.86,-1110.38,0.00,181.86
21MARCH2023,,20240528 110018,50,60,-1110.38,0.00,181.86,-1200.38,0.00,181.86
21MARCH2023,,20240528 110018,60,70,-1200.38,0.00,181.86,-1222.38,0.00,181.86
21MARCH2023,,20240528 110018,70,80,-1222.38,0.00,181.86,-1244.38,0.00,181.86
21MARCH2023,,20240528 110018,80,90,-1244.38,0.00,181.86,-1334.38,0.00,181.86
21MARCH2023,,20240528 110018,90,100,-1334.38,0.00,181.86,-1730.38,0.00,181.86
21MARCH2023,,20240528 110018,100,110,-1730.38,0.00,181.86,-2054.38,0.00,181.86
21MARCH2023,,20240528 110018,110,112,-2054.38,0.00,181.86,-2226.94,0.00,886.03
21MARCH2023,,20240528 110018,112,113,-2226.94,0.00,886.03,-2394.73,0.00,1570.78
21MARCH2023,,20240528 110018,113,114,-2394.73,0.00,1570.78,-2399.49,0.00,1590.20
21MARCH2023,,20240528 110018,114,115,-2399.49,0.00,1590.20,-2422.34,0.00,1683.44
21MARCH2023,,20240528 110018,115,116,-2422.34,0.00,1683.44,-2570.15,0.00,2286.60
21MARCH2023,,20240528 110018,116,118,-2570.15,0.00,2286.60,-2742.70,0.00,2990.77
21MARCH2023,,20240528 110018,118,120,-2742.70,0.00,2990.77,-2915.26,0.00,3694.95
21MARCH2023,,20240528 110018,120,122,-2915.26,0.00,3694.95,-3087.82,0.00,4399.12
21MARCH2023,,20240528 110018,122,130,-3087.82,0.00,4399.12,-3260.37,0.00,5103.29
21MARCH2023,,20240528 110018,130,140,-3260.37,0.00,5103.29,-3308.35,0.00,5289.21
21MARCH2023,,20240528 110018,140,150,-3308.35,0.00,5289.21,-3373.96,0.00,5532.52
21MARCH2023,,20240528 110018,150,160,-3373.96,0.00,5532.52,-3412.49,0.00,5715.51
21MARCH2023,,20240528 110018,160,180,-3412.49,0.00,5715.51,-3434.63,0.00,5760.34
21MARCH2023,,20240528 110018,180,190,-3434.63,0.00,5760.34,-3487.88,0.00,5865.64
21MARCH2023,,20240528 110018,190,200,-3487.88,0.00,5865.64,-3559.62,0.00,6011.94
21MARCH2023,,20240528 110018,200,220,-3559.62,0.00,6011.94,-3567.10,0.00,6081.03
21MARCH2023,,20240528 110018,220,230,-3567.10,0.00,6081.03,-3581.19,0.00,6248.27
21MARCH2023,,20240528 110018,230,240,-3581.19,0.00,6248.27,-3591.90,61.43,6354.29
21MARCH2023,,20240528 110018,240,249,-3591.90,61.43,6354.29,-3605.76,140.84,6491.35
21MARCH2023,,20240528 110018,250,260,-3605.76,140.84,6491.35,-3610.21,164.84,6532.68
21MARCH2023,,20240528 110018,260,270,-3610.21,164.84,6532.68,-3639.97,284.53,6738.56
21MARCH2023,,20240528 110018,270,290,-3639.97,284.53,6738.56,-3662.83,284.53,6831.80
21MARCH2023,,20240528 110018,290,291,-3662.83,284.53,6831.80,-3665.68,284.53,6843.46
21MARCH2023,,20240528 110018,291,292,-3665.68,284.53,6843.46,-3668.54,284.53,6855.11
21MARCH2023,,20240528 110018,292,293,-3668.54,284.53,6855.11,-3671.40,284.53,6866.77
21MARCH2023,,20240528 110018,293,294,-3671.40,284.53,6866.77,-3674.25,284.53,6878.42
21MARCH2023,,20240528 110018,294,295,-3674.25,284.53,6878.42,-3677.11,284.53,6890.08
21MARCH2023,,20240528 110018,295,296,-3677.11,284.53,6890.08,-3679.97,284.53,6901.73
21MARCH2023,,20240528 110018,296,297,-3679.97,284.53,6901.73,-3682.82,284.53,6913.39
21MARCH2023,,20240528 110018,297,298,-3682.82,284.53,6913.39,-3685.68,284.53,6925.04
21MARCH2023,,20240528 110018,298,299,-3685.68,284.53,6925.04,-3742.81,284.53,7158.14
21MARCH2023,,20240528 110018,299,300,-3742.81,284.53,7158.14,-3592.23,284.53,7359.26
21MARCH2023,,20240528 110018,300,301,-3592.23,284.53,7359.26,-3268.57,284.53,7791.52
21MARCH2023,,20240528 110018,301,302,-3268.57,284.53,7791.52,-3016.84,284.53,8127.72
21MARCH2023,,20240528 110018,302,303,-3016.84,284.53,8127.72,-2901.76,284.53,8281.42
21MARCH2023,,20240528 110018,303,304,-2901.76,284.53,8281.42,-2735.47,284.53,8305.29
21MARCH2023,,20240528 110018,304,305,-2735.47,284.53,8305.29,-2141.56,284.53,8390.57
21MARCH2023,,20240528 110018,305,310,-2141.56,284.53,8390.57,-1785.21,284.53,8441.73
21MARCH2023,,20240528 110018,310,315,-1785.21,284.53,8441.73,-1824.34,284.53,8799.60
21MARCH2023,,20240528 110018,315,320,-1824.34,284.53,8799.60,-1860.21,284.53,9127.73
21MARCH2023,,20240528 110018,320,330,-1860.21,284.53,9127.73,-1860.21,-405.97,9127.73
21MARCH2023,,20240528 110018,330,350,-1860.21,-405.97,9127.73,-1861.40,-472.13,9140.47
21MARCH2023,,20240528 110018,350,360,-1861.40,-472.13,9140.47,-1864.80,-774.01,9190.61
21MARCH2023,,20240528 110018,360,365,-1864.80,-774.01,9190.61,-2212.74,-774.01,9152.73
21MARCH2023,,20240528 110018,365,370,-2212.74,-774.01,9152.73,-2355.89,-774.01,9137.15
21MARCH2023,,20240528 110018,370,380,-2355.89,-774.01,9137.15,-2375.79,-774.01,9123.72
21MARCH2023,,20240528 110018,380,390,-2375.79,-774.01,9123.72,-2786.05,-807.03,9079.14
21MARCH2023,,20240528 110018,390,395,-2786.05,-807.03,9079.14,-3356.86,-852.98,9017.11
21MARCH2023,,20240528 110018,395,400,-3356.86,-852.98,9017.11,-3615.79,-873.82,8988.97
21MARCH2023,,20240528 110018,400,410,-3615.79,-873.82,8988.97,-3652.79,-876.76,8985.22
21MARCH2023,,20240528 110018,410,420,-3652.79,-876.76,8985.22,-3675.56,-882.20,8979.96
21MARCH2023,,20240528 110018,420,440,-3675.56,-882.20,8979.96,-3699.00,-887.27,8979.06
21MARCH2023,,20240528 110018,440,450,-3699.00,-887.27,8979.06,-3722.00,-892.71,8978.56
21MARCH2023,,20240528 110018,450,460,-3722.00,-892.71,8978.56,-3792.00,-908.77,8976.56
21MARCH2023,,20240528 110018,460,470,-3792.00,-908.77,8976.56,-3815.00,-914.21,8975.81
21MARCH2023,,20240528 110018,470,480,-3815.00,-914.21,8975.81,-3838.37,-919.68,8975.33
21MARCH2023,,20240528 110018,480,490,-3838.37,-919.68,8975.33,-3861.44,-926.25,8974.61
21MARCH2023,,20240528 110018,490,495,-3861.44,-926.25,8974.61,-3956.58,-933.91,8964.32
21MARCH2023,,20240528 110018,495,498,-3956.58,-933.91,8964.32,-4527.42,-979.84,8902.63
21MARCH2023,,20240528 110018,498,499,-4527.42,-979.84,8902.63,-5074.48,-1023.85,8843.50
21MARCH2023,,20240528 110018,499,500,-5074.48,-1023.85,8843.50,-5633.43,-1068.82,8783.09
21MARCH2023,,20240528 110018,500,505,-5633.43,-1068.82,8783.09,-6204.27,-1114.75,8721.39
21MARCH2023,,20240528 110018,505,510,-6204.27,-1114.75,8721.39,-6415.44,-1131.74,8698.57
21MARCH2023,,20240528 110018,510,515,-6415.44,-1131.74,8698.57,-6783.83,-1161.43,8656.17
21MARCH2023,,20240528 110018,515,520,-6783.83,-1161.43,8656.17,-7388.44,-1210.17,8586.57
21MARCH2023,,20240528 110018,520,530,-7388.44,-1210.17,8586.57,-7696.44,-1235.05,8548.32
21MARCH2023,,20240528 110018,530,533,-7696.44,-1235.05,8548.32,-7957.32,-1256.11,8513.75
21MARCH2023,,20240528 110018,533,540,-7957.32,-1256.11,8513.75,-8577.45,-1306.17,8431.57
21MARCH2023,,20240528 110018,540,545,-8577.45,-1306.17,8431.57,-9170.45,-1354.17,8344.19
21MARCH2023,,20240528 110018,545,550,-9170.45,-1354.17,8344.19,-9763.45,-1402.17,8256.82
21MARCH2023,,20240528 110018,550,555,-9763.45,-1402.17,8256.82,-10354.95,-1450.17,8159.57
21MARCH2023,,20240528 110018,555,560,-10354.95,-1450.17,8159.57,-10946.45,-1498.17,8062.32
21MARCH2023,,20240528 110018,560,565,-10946.45,-1498.17,8062.32,-11535.95,-1546.17,7955.19
21MARCH2023,,20240528 110018,565,570,-11535.95,-1546.17,7955.19,-12125.45,-1594.17,7848.07
21MARCH2023,,20240528 110018,570,580,-12125.45,-1594.17,7848.07,-12177.45,-1598.36,7838.32
21MARCH2023,,20240528 110018,580,585,-12177.45,-1598.36,7838.32,-12740.53,-1644.36,7726.10
21MARCH2023,,20240528 110018,585,590,-12740.53,-1644.36,7726.10,-13301.45,-1690.17,7614.32
21MARCH2023,,20240528 110018,590,595,-13301.45,-1690.17,7614.32,-13887.45,-1738.17,7487.57
21MARCH2023,,20240528 110018,595,600,-13887.45,-1738.17,7487.57,-14473.45,-1786.17,7360.82
21MARCH2023,,20240528 110018,600,605,-14473.45,-1786.17,7360.82,-15056.95,-1834.17,7224.44
21MARCH2023,,20240528 110018,605,610,-15056.95,-1834.17,7224.44,-15640.45,-1882.17,7088.07
21MARCH2023,,20240528 110018,610,615,-15640.45,-1882.17,7088.07,-16221.95,-1930.17,6941.94
21MARCH2023,,20240528 110018,615,620,-16221.95,-1930.17,6941.94,-16803.45,-1978.17,6795.82
21MARCH2023,,20240528 110018,620,625,-16803.45,-1978.17,6795.82,-17357.98,-2024.15,6646.99
21MARCH2023,,20240528 110018,625,630,-17357.98,-2024.15,6646.99,-17850.45,-2064.99,6514.82
21MARCH2023,,20240528 110018,630,631,-17850.45,-2064.99,6514.82,-18408.10,-2111.27,6360.67
21MARCH2023,,20240528 110018,631,632,-18408.10,-2111.27,6360.67,-18965.75,-2157.55,6206.52
21MARCH2023,,20240528 110018,632,633,-18965.75,-2157.55,6206.52,-19523.40,-2203.83,6052.36
21MARCH2023,,20240528 110018,633,634,-19523.40,-2203.83,6052.36,-20081.05,-2250.12,5898.21
21MARCH2023,,20240528 110018,634,635,-20081.05,-2250.12,5898.21,-20638.71,-2296.40,5744.06
21MARCH2023,,20240528 110018,635,636,-20638.71,-2296.40,5744.06,-21196.36,-2342.68,5589.91
21MARCH2023,,20240528 110018,636,637,-21196.36,-2342.68,5589.91,-21754.01,-2388.97,5435.76
21MARCH2023,,20240528 110018,637,638,-21754.01,-2388.97,5435.76,-22311.66,-2435.25,5281.60
21MARCH2023,,20240528 110018,638,639,-22311.66,-2435.25,5281.60,-22869.32,-2481.53,5127.45
21MARCH2023,,20240528 110018,639,641,-22869.32,-2481.53,5127.45,-23426.97,-2527.81,4973.30
21MARCH2023,,20240528 110018,641,642,-23426.97,-2527.81,4973.30,-23984.62,-2574.10,4819.15
21MARCH2023,,20240528 110018,642,643,-23984.62,-2574.10,4819.15,-24542.27,-2620.38,4665.00
21MARCH2023,,20240528 110018,643,644,-24542.27,-2620.38,4665.00,-25099.93,-2666.66,4510.85
21MARCH2023,,20240528 110018,644,645,-25099.93,-2666.66,4510.85,-25657.58,-2712.95,4356.69
21MARCH2023,,20240528 110018,645,646,-25657.58,-2712.95,4356.69,-26215.23,-2759.23,4202.54
21MARCH2023,,20240528 110018,646,647,-26215.23,-2759.23,4202.54,-26772.88,-2805.51,4048.39
21MARCH2023,,20240528 110018,647,648,-26772.88,-2805.51,4048.39,-27330.54,-2851.79,3894.24
21MARCH2023,,20240528 110018,648,649,-27330.54,-2851.79,3894.24,-27888.19,-2898.08,3740.08
21MARCH2023,,20240528 110018,649,651,-27888.19,-2898.08,3740.08,-28445.84,-2944.36,3585.93
21MARCH2023,,20240528 110018,651,652,-28445.84,-2944.36,3585.93,-29003.49,-2990.64,3431.78
21MARCH2023,,20240528 110018,652,653,-29003.49,-2990.64,3431.78,-29561.14,-3036.92,3277.63
21MARCH2023,,20240528 110018,653,654,-29561.14,-3036.92,3277.63,-30118.80,-3083.21,3123.48
21MARCH2023,,20240528 110018,654,640,-30118.80,-3083.21,3123.48,-30676.45,-3129.49,2969.32
21MARCH2023,,20240528 110018,640,650,-30676.45,-3129.49,2969.32,-30684.45,-3130.18,2967.07
21MARCH2023,,20240528 110018,650,655,-30684.45,-3130.18,2967.07,-31260.45,-3178.18,2802.45
21MARCH2023,,20240528 110018,655,660,-31260.45,-3178.18,2802.45,-31836.45,-3226.18,2637.82
21MARCH2023,,20240528 110018,660,665,-31836.45,-3226.18,2637.82,-32410.45,-3274.18,2463.70
21MARCH2023,,20240528 110018,665,670,-32410.45,-3274.18,2463.70,-32984.45,-3322.18,2289.57
21MARCH2023,,20240528 110018,670,680,-32984.45,-3322.18,2289.57,-33218.45,-3341.80,2215.82
21MARCH2023,,20240528 110018,680,685,-33218.45,-3341.80,2215.82,-33531.39,-3368.15,2114.47
21MARCH2023,,20240528 110018,685,690,-33531.39,-3368.15,2114.47,-34125.45,-3418.18,1922.07
21MARCH2023,,20240528 110018,690,695,-34125.45,-3418.18,1922.07,-34692.95,-3466.18,1728.95
21MARCH2023,,20240528 110018,695,700,-34692.95,-3466.18,1728.95,-35260.45,-3514.18,1535.82
21MARCH2023,,20240528 110018,700,701,-35260.45,-3514.18,1535.82,-35785.02,-3558.56,1348.47
21MARCH2023,,20240528 110018,701,702,-35785.02,-3558.56,1348.47,-36309.59,-3602.95,1161.11
21MARCH2023,,20240528 110018,702,703,-36309.59,-3602.95,1161.11,-36834.16,-3647.33,973.75
21MARCH2023,,20240528 110018,703,704,-36834.16,-3647.33,973.75,-37358.73,-3691.71,786.40
21MARCH2023,,20240528 110018,704,705,-37358.73,-3691.71,786.40,-37883.30,-3736.10,599.04
21MARCH2023,,20240528 110018,705,706,-37883.30,-3736.10,599.04,-38407.87,-3780.48,411.68
21MARCH2023,,20240528 110018,706,710,-38407.87,-3780.48,411.68,-38932.44,-3824.86,224.32
21MARCH2023,,20240528 110018,710,720,-38932.44,-3824.86,224.32,-39214.44,-3846.43,123.32
21MARCH2023,,20240528 110018,720,721,-39214.44,-3846.43,123.32,-39753.64,-3882.66,-69.47
21MARCH2023,,20240528 110018,721,722,-39753.64,-3882.66,-69.47,-40292.84,-3918.90,-262.27
21MARCH2023,,20240528 110018,722,723,-40292.84,-3918.90,-262.27,-40832.04,-3955.14,-455.07
21MARCH2023,,20240528 110018,723,724,-40832.04,-3955.14,-455.07,-41371.24,-3991.38,-647.87
21MARCH2023,,20240528 110018,724,725,-41371.24,-3991.38,-647.87,-41910.44,-4027.61,-840.67
21MARCH2023,,20240528 110018,725,726,-41910.44,-4027.61,-840.67,-42449.64,-4063.85,-1033.47
21MARCH2023,,20240528 110018,726,727,-42449.64,-4063.85,-1033.47,-42988.84,-4100.09,-1226.27
21MARCH2023,,20240528 110018,727,728,-42988.84,-4100.09,-1226.27,-43528.04,-4136.33,-1419.07
21MARCH2023,,20240528 110018,728,729,-43528.04,-4136.33,-1419.07,-44067.23,-4172.56,-1611.87
21MARCH2023,,20240528 110018,729,730,-44067.23,-4172.56,-1611.87,-44606.43,-4208.80,-1804.67
21MARCH2023,,20240528 110018,730,735,-44606.43,-4208.80,-1804.67,-45148.94,-4244.96,-1994.81
21MARCH2023,,20240528 110018,735,740,-45148.94,-4244.96,-1994.81,-45432.43,-4263.86,-2094.17
21MARCH2023,,20240528 110018,740,745,-45432.43,-4263.86,-2094.17,-45693.64,-4281.21,-2181.61
21MARCH2023,,20240528 110018,745,747,-45693.64,-4281.21,-2181.61,-46238.78,-4317.40,-2364.08
21MARCH2023,,20240528 110018,747,750,-46238.78,-4317.40,-2364.08,-46571.43,-4339.49,-2475.42
21MARCH2023,,20240528 110018,750,755,-46571.43,-4339.49,-2475.42,-47143.93,-4377.30,-2656.55
21MARCH2023,,20240528 110018,755,760,-47143.93,-4377.30,-2656.55,-47716.43,-4415.11,-2837.67
21MARCH2023,,20240528 110018,760,765,-47716.43,-4415.11,-2837.67,-48267.01,-4451.29,-3003.01
21MARCH2023,,20240528 110018,765,770,-48267.01,-4451.29,-3003.01,-48536.43,-4468.99,-3083.93
21MARCH2023,,20240528 110018,770,780,-48536.43,-4468.99,-3083.93,-48867.43,-4490.74,-3180.68
21MARCH2023,,20240528 110018,780,785,-48867.43,-4490.74,-3180.68,-49445.93,-4528.55,-3342.55
21MARCH2023,,20240528 110018,785,790,-49445.93,-4528.55,-3342.55,-50024.43,-4566.36,-3504.43
21MARCH2023,,20240528 110018,790,795,-50024.43,-4566.36,-3504.43,-50604.93,-4604.18,-3656.68
21MARCH2023,,20240528 110018,795,800,-50604.93,-4604.18,-3656.68,-51185.43,-4641.99,-3808.93
21MARCH2023,,20240528 110018,800,805,-51185.43,-4641.99,-3808.93,-51768.93,-4679.80,-3951.43
21MARCH2023,,20240528 110018,805,810,-51768.93,-4679.80,-3951.43,-52352.43,-4717.61,-4093.93
21MARCH2023,,20240528 110018,810,815,-52352.43,-4717.61,-4093.93,-52912.32,-4753.82,-4224.29
21MARCH2023,,20240528 110018,815,817,-52912.32,-4753.82,-4224.29,-53472.20,-4790.03,-4354.65
21MARCH2023,,20240528 110018,817,818,-53472.20,-4790.03,-4354.65,-54032.08,-4826.25,-4485.02
21MARCH2023,,20240528 110018,818,820,-54032.08,-4826.25,-4485.02,-54392.43,-4849.55,-4568.92
21MARCH2023,,20240528 110018,820,830,-54392.43,-4849.55,-4568.92,-54398.43,-4849.92,-4570.42
21MARCH2023,,20240528 110018,830,840,-54398.43,-4849.92,-4570.42,-54690.43,-4868.17,-4638.42
21MARCH2023,,20240528 110018,840,850,-54690.43,-4868.17,-4638.42,-54982.43,-4885.17,-4706.42
21MARCH2023,,20240528 110018,850,860,-54982.43,-4885.17,-4706.42,-55274.43,-4900.92,-4774.42
21MARCH2023,,20240528 110018,860,870,-55274.43,-4900.92,-4774.42,-55566.43,-4915.42,-4842.42
21MARCH2023,,20240528 110018,870,880,-55566.43,-4915.42,-4842.42,-55859.43,-4928.67,-4910.42
21MARCH2023,,20240528 110018,880,890,-55859.43,-4928.67,-4910.42,-56151.43,-4940.67,-4978.42
21MARCH2023,,20240528 110018,890,900,-56151.43,-4940.67,-4978.42,-56443.43,-4951.42,-5046.42
21MARCH2023,,20240528 110018,900,910,-56443.43,-4951.42,-5046.42,-56735.43,-4960.92,-5114.42
21MARCH2023,,20240528 110018,910,920,-56735.43,-4960.92,-5114.42,-57027.43,-4969.17,-5182.42
21MARCH2023,,20240528 110018,920,930,-57027.43,-4969.17,-5182.42,-57320.43,-4976.17,-5250.42
21MARCH2023,,20240528 110018,930,931,-57320.43,-4976.17,-5250.42,-57881.27,-4983.84,-5380.99
21MARCH2023,,20240528 110018,931,932,-57881.27,-4983.84,-5380.99,-58442.11,-4991.51,-5511.55
21MARCH2023,,20240528 110018,932,933,-58442.11,-4991.51,-5511.55,-59002.95,-4999.18,-5642.11
21MARCH2023,,20240528 110018,933,934,-59002.95,-4999.18,-5642.11,-59563.79,-5006.85,-5772.68
21MARCH2023,,20240528 110018,934,935,-59563.79,-5006.85,-5772.68,-60124.63,-5014.52,-5903.24
21MARCH2023,,20240528 110018,935,936,-60124.63,-5014.52,-5903.24,-60685.47,-5022.19,-6033.80
21MARCH2023,,20240528 110018,1114,1115,-118150.62,-6471.63,-19411.99,-118716.65,-6518.10,-19543.76
21MARCH2023,,20240528 110018,1115,1116,-118716.65,-6518.10,-19543.76,-119282.68,-6564.56,-19675.54
21MARCH2023,,20240528 110018,1116,1117,-119282.68,-6564.56,-19675.54,-119848.71,-6611.03,-19807.31
21MARCH2023,,20240528 110018,1117,1118,-119848.71,-6611.03,-19807.31,-120414.74,-6657.50,-19939.08
21MARCH2023,,20240528 110018,1118,1119,-120414.74,-6657.50,-19939.08,-120980.77,-6703.96,-20070.86
21MARCH2023,,20240528 110018,1119,1121,-120980.77,-6703.96,-20070.86,-121546.80,-6750.43,-20202.63
21MARCH2023,,20240528 110018,1121,1122,-121546.80,-6750.43,-20202.63,-122112.84,-6796.90,-20334.40
21MARCH2023,,20240528 110018,1122,1123,-122112.84,-6796.90,-20334.40,-122678.87,-6843.36,-20466.18
21MARCH2023,,20240528 110018,1123,1124,-122678.87,-6843.36,-20466.18,-123244.90,-6889.83,-20597.95
21MARCH2023,,20240528 110018,1124,1125,-123244.90,-6889.83,-20597.95,-123810.93,-6936.30,-20729.72
21MARCH2023,,20240528 110018,1125,1126,-123810.93,-6936.30,-20729.72,-124376.96,-6982.76,-20861.50
21MARCH2023,,20240528 110018,1126,1127,-124376.96,-6982.76,-20861.50,-124942.99,-7029.23,-20993.27
21MARCH2023,,20240528 110018,1127,1128,-124942.99,-7029.23,-20993.27,-125509.02,-7075.70,-21125.04
21MARCH2023,,20240528 110018,1128,1129,-125509.02,-7075.70,-21125.04,-126075.05,-7122.17,-21256.82
21MARCH2023,,20240528 110018,1129,1131,-126075.05,-7122.17,-21256.82,-126641.09,-7168.63,-21388.59
21MARCH2023,,20240528 110018,1131,1132,-126641.09,-7168.63,-21388.59,-127207.12,-7215.10,-21520.37
21MARCH2023,,20240528 110018,1132,1133,-127207.12,-7215.10,-21520.37,-127773.15,-7261.56,-21652.14
21MARCH2023,,20240528 110018,1133,1134,-127773.15,-7261.56,-21652.14,-128339.18,-7308.03,-21783.91
21MARCH2023,,20240528 110018,1134,1110,-128339.18,-7308.03,-21783.91,-128905.21,-7354.50,-21915.69
21MARCH2023,,20240528 110018,1110,1120,-128905.21,-7354.50,-21915.69,-129197.21,-7376.37,-21983.69
21MARCH2023,,20240528 110018,1120,1135,-129197.21,-7376.37,-21983.69,-129489.71,-7396.37,-22051.69
21MARCH2023,,20240528 110018,1135,1130,-129489.71,-7396.37,-22051.69,-129782.21,-7416.37,-22119.69
21MARCH2023,,20240528 110018,1130,1140,-129782.21,-7416.37,-22119.69,-130074.21,-7434.50,-22187.69
21MARCH2023,,20240528 110018,1140,1150,-130074.21,-7434.50,-22187.69,-130366.21,-7451.37,-22255.69
21MARCH2023,,20240528 110018,1150,1160,-130366.21,-7451.37,-22255.69,-130658.21,-7467.00,-22323.94
21MARCH2023,,20240528 110018,1160,1170,-130658.21,-7467.00,-22323.94,-130951.21,-7481.37,-22391.94
21MARCH2023,,20240528 110018,1170,1180,-130951.21,-7481.37,-22391.94,-131243.22,-7494.50,-22459.94
21MARCH2023,,20240528 110018,1180,1190,-131243.22,-7494.50,-22459.94,-131535.22,-7506.37,-22527.94
21MARCH2023,,20240528 110018,1190,1200,-131535.22,-7506.37,-22527.94,-131827.22,-7517.00,-22595.94
21MARCH2023,,20240528 110018,1200,1210,-131827.22,-7517.00,-22595.94,-132119.22,-7526.37,-22663.94
21MARCH2023,,20240528 110018,1210,1220,-132119.22,-7526.37,-22663.94,-132412.22,-7534.50,-22731.94
21MARCH2023,,20240528 110018,1220,1230,-132412.22,-7534.50,-22731.94,-132704.22,-7541.37,-22799.94
21MARCH2023,,20240528 110018,1230,1240,-132704.22,-7541.37,-22799.94,-132996.22,-7547.00,-22867.94
21MARCH2023,,20240528 110018,1240,1250,-132996.22,-7547.00,-22867.94,-133288.22,-7551.37,-22935.94
21MARCH2023,,20240528 110018,1250,1260,-133288.22,-7551.37,-22935.94,-133580.22,-7554.50,-23003.94
21MARCH2023,,20240528 110018,1260,1270,-133580.22,-7554.50,-23003.94,-133872.22,-7556.37,-23071.94
21MARCH2023,,20240528 110018,1270,1280,-133872.22,-7556.37,-23071.94,-134165.22,-7557.00,-23140.19
21MARCH2023,,20240528 110018,936,937,-60685.47,-5022.19,-6033.80,-61246.31,-5029.86,-6164.37
21MARCH2023,,20240528 110018,937,938,-61246.31,-5029.86,-6164.37,-61807.15,-5037.53,-6294.93
21MARCH2023,,20240528 110018,938,939,-61807.15,-5037.53,-6294.93,-62367.99,-5045.20,-6425.49
21MARCH2023,,20240528 110018,939,941,-62367.99,-5045.20,-6425.49,-62928.83,-5052.87,-6556.06
21MARCH2023,,20240528 110018,941,942,-62928.83,-5052.87,-6556.06,-63489.67,-5060.53,-6686.62
21MARCH2023,,20240528 110018,942,943,-63489.67,-5060.53,-6686.62,-64050.51,-5068.20,-6817.18
21MARCH2023,,20240528 110018,943,944,-64050.51,-5068.20,-6817.18,-64611.35,-5075.87,-6947.74
21MARCH2023,,20240528 110018,944,945,-64611.35,-5075.87,-6947.74,-65172.19,-5083.54,-7078.31
21MARCH2023,,20240528 110018,945,946,-65172.19,-5083.54,-7078.31,-65733.02,-5091.21,-7208.87
21MARCH2023,,20240528 110018,946,947,-65733.02,-5091.21,-7208.87,-66293.86,-5098.88,-7339.43
21MARCH2023,,20240528 110018,947,948,-66293.86,-5098.88,-7339.43,-66854.70,-5106.55,-7470.00
21MARCH2023,,20240528 110018,948,949,-66854.70,-5106.55,-7470.00,-67415.53,-5114.22,-7600.56
21MARCH2023,,20240528 110018,949,951,-67415.53,-5114.22,-7600.56,-67976.37,-5121.88,-7731.12
21MARCH2023,,20240528 110018,951,952,-67976.37,-5121.88,-7731.12,-68537.20,-5129.55,-7861.69
21MARCH2023,,20240528 110018,952,953,-68537.20,-5129.55,-7861.69,-69098.04,-5137.22,-7992.25
21MARCH2023,,20240528 110018,953,954,-69098.04,-5137.22,-7992.25,-69658.88,-5144.89,-8122.81
21MARCH2023,,20240528 110018,954,955,-69658.88,-5144.89,-8122.81,-70219.71,-5152.56,-8253.38
21MARCH2023,,20240528 110018,955,956,-70219.71,-5152.56,-8253.38,-70780.55,-5160.23,-8383.94
21MARCH2023,,20240528 110018,956,957,-70780.55,-5160.23,-8383.94,-71341.38,-5167.90,-8514.50
21MARCH2023,,20240528 110018,957,958,-71341.38,-5167.90,-8514.50,-71902.22,-5175.57,-8645.07
21MARCH2023,,20240528 110018,958,959,-71902.22,-5175.57,-8645.07,-72463.05,-5183.24,-8775.63
21MARCH2023,,20240528 110018,959,961,-72463.05,-5183.24,-8775.63,-73023.89,-5190.91,-8906.19
21MARCH2023,,20240528 110018,961,962,-73023.89,-5190.91,-8906.19,-73584.73,-5198.58,-9036.75
21MARCH2023,,20240528 110018,962,963,-73584.73,-5198.58,-9036.75,-74145.56,-5206.24,-9167.32
21MARCH2023,,20240528 110018,963,964,-74145.56,-5206.24,-9167.32,-74706.40,-5213.91,-9297.88
21MARCH2023,,20240528 110018,964,965,-74706.40,-5213.91,-9297.88,-75267.23,-5221.58,-9428.45
21MARCH2023,,20240528 110018,965,966,-75267.23,-5221.58,-9428.45,-75828.07,-5229.25,-9559.01
21MARCH2023,,20240528 110018,966,967,-75828.07,-5229.25,-9559.01,-76388.91,-5236.92,-9689.57
21MARCH2023,,20240528 110018,967,968,-76388.91,-5236.92,-9689.57,-76949.74,-5244.59,-9820.14
21MARCH2023,,20240528 110018,968,969,-76949.74,-5244.59,-9820.14,-77510.58,-5252.26,-9950.70
21MARCH2023,,20240528 110018,969,971,-77510.58,-5252.26,-9950.70,-78071.41,-5259.93,-10081.26
21MARCH2023,,20240528 110018,971,972,-78071.41,-5259.93,-10081.26,-78632.25,-5267.60,-10211.83
21MARCH2023,,20240528 110018,972,973,-78632.25,-5267.60,-10211.83,-79193.09,-5275.26,-10342.39
21MARCH2023,,20240528 110018,973,974,-79193.09,-5275.26,-10342.39,-79753.92,-5282.93,-10472.95
21MARCH2023,,20240528 110018,974,975,-79753.92,-5282.93,-10472.95,-80314.76,-5290.60,-10603.52
21MARCH2023,,20240528 110018,975,976,-80314.76,-5290.60,-10603.52,-80875.59,-5298.27,-10734.08
21MARCH2023,,20240528 110018,976,977,-80875.59,-5298.27,-10734.08,-81436.43,-5305.94,-10864.64
21MARCH2023,,20240528 110018,977,978,-81436.43,-5305.94,-10864.64,-81997.27,-5313.61,-10995.21
21MARCH2023,,20240528 110018,978,979,-81997.27,-5313.61,-10995.21,-82558.10,-5321.28,-11125.77
21MARCH2023,,20240528 110018,979,981,-82558.10,-5321.28,-11125.77,-83118.94,-5328.95,-11256.33
21MARCH2023,,20240528 110018,981,982,-83118.94,-5328.95,-11256.33,-83679.77,-5336.62,-11386.90
21MARCH2023,,20240528 110018,982,983,-83679.77,-5336.62,-11386.90,-84240.61,-5344.29,-11517.46
21MARCH2023,,20240528 110018,983,984,-84240.61,-5344.29,-11517.46,-84801.45,-5351.95,-11648.03
21MARCH2023,,20240528 110018,984,985,-84801.45,-5351.95,-11648.03,-85362.28,-5359.62,-11778.59
21MARCH2023,,20240528 110018,985,986,-85362.28,-5359.62,-11778.59,-85923.12,-5367.29,-11909.15
21MARCH2023,,20240528 110018,986,987,-85923.12,-5367.29,-11909.15,-86483.95,-5374.96,-12039.71
21MARCH2023,,20240528 110018,987,988,-86483.95,-5374.96,-12039.71,-87044.79,-5382.63,-12170.28
21MARCH2023,,20240528 110018,988,989,-87044.79,-5382.63,-12170.28,-87605.63,-5390.30,-12300.84
21MARCH2023,,20240528 110018,989,991,-87605.63,-5390.30,-12300.84,-88166.46,-5397.97,-12431.41
21MARCH2023,,20240528 110018,991,992,-88166.46,-5397.97,-12431.41,-88727.30,-5405.64,-12561.97
21MARCH2023,,20240528 110018,992,993,-88727.30,-5405.64,-12561.97,-89288.13,-5413.31,-12692.53
21MARCH2023,,20240528 110018,993,994,-89288.13,-5413.31,-12692.53,-89848.97,-5420.97,-12823.10
21MARCH2023,,20240528 110018,994,995,-89848.97,-5420.97,-12823.10,-90409.80,-5428.64,-12953.66
21MARCH2023,,20240528 110018,995,996,-90409.80,-5428.64,-12953.66,-90970.64,-5436.31,-13084.22
21MARCH2023,,20240528 110018,996,997,-90970.64,-5436.31,-13084.22,-91531.48,-5443.98,-13214.79
21MARCH2023,,20240528 110018,997,998,-91531.48,-5443.98,-13214.79,-92092.31,-5451.65,-13345.35
21MARCH2023,,20240528 110018,998,999,-92092.31,-5451.65,-13345.35,-92653.15,-5459.32,-13475.91
21MARCH2023,,20240528 110018,999,1001,-92653.15,-5459.32,-13475.91,-93213.98,-5466.99,-13606.48
21MARCH2023,,20240528 110018,1001,1002,-93213.98,-5466.99,-13606.48,-93774.82,-5474.66,-13737.04
21MARCH2023,,20240528 110018,1002,1003,-93774.82,-5474.66,-13737.04,-94335.66,-5482.33,-13867.60
21MARCH2023,,20240528 110018,1003,1004,-94335.66,-5482.33,-13867.60,-94896.49,-5490.00,-13998.17
21MARCH2023,,20240528 110018,1004,1005,-94896.49,-5490.00,-13998.17,-95457.33,-5497.66,-14128.73
21MARCH2023,,20240528 110018,1005,1006,-95457.33,-5497.66,-14128.73,-96018.16,-5505.33,-14259.29
21MARCH2023,,20240528 110018,1006,1007,-96018.16,-5505.33,-14259.29,-96579.00,-5513.00,-14389.86
21MARCH2023,,20240528 110018,1007,1008,-96579.00,-5513.00,-14389.86,-97139.84,-5520.67,-14520.42
21MARCH2023,,20240528 110018,1008,1009,-97139.84,-5520.67,-14520.42,-97700.67,-5528.34,-14650.99
21MARCH2023,,20240528 110018,1009,1011,-97700.67,-5528.34,-14650.99,-98261.51,-5536.01,-14781.55
21MARCH2023,,20240528 110018,1011,1012,-98261.51,-5536.01,-14781.55,-98822.34,-5543.68,-14912.11
21MARCH2023,,20240528 110018,1012,1013,-98822.34,-5543.68,-14912.11,-99383.18,-5551.35,-15042.67
21MARCH2023,,20240528 110018,1013,1014,-99383.18,-5551.35,-15042.67,-99944.02,-5559.02,-15173.24
21MARCH2023,,20240528 110018,1014,1015,-99944.02,-5559.02,-15173.24,-100504.85,-5566.68,-15303.80
21MARCH2023,,20240528 110018,1015,1016,-100504.85,-5566.68,-15303.80,-101065.69,-5574.35,-15434.37
21MARCH2023,,20240528 110018,1016,1017,-101065.69,-5574.35,-15434.37,-101626.52,-5582.02,-15564.93
21MARCH2023,,20240528 110018,1017,1018,-101626.52,-5582.02,-15564.93,-102187.36,-5589.69,-15695.49
21MARCH2023,,20240528 110018,1018,1019,-102187.36,-5589.69,-15695.49,-102748.20,-5597.36,-15826.06
21MARCH2023,,20240528 110018,1019,1021,-102748.20,-5597.36,-15826.06,-103309.03,-5605.03,-15956.62
21MARCH2023,,20240528 110018,1021,1022,-103309.03,-5605.03,-15956.62,-103869.87,-5612.70,-16087.18
21MARCH2023,,20240528 110018,1022,1023,-103869.87,-5612.70,-16087.18,-104430.70,-5620.37,-16217.75
21MARCH2023,,20240528 110018,1023,1024,-104430.70,-5620.37,-16217.75,-104991.54,-5628.04,-16348.31
21MARCH2023,,20240528 110018,1024,1025,-104991.54,-5628.04,-16348.31,-105552.38,-5635.71,-16478.87
21MARCH2023,,20240528 110018,1025,940,-105552.38,-5635.71,-16478.87,-106113.21,-5643.37,-16609.44
21MARCH2023,,20240528 110018,940,950,-106113.21,-5643.37,-16609.44,-106115.21,-5643.37,-16609.94
21MARCH2023,,20240528 110018,950,960,-106115.21,-5643.37,-16609.94,-106407.21,-5648.00,-16678.19
21MARCH2023,,20240528 110018,960,970,-106407.21,-5648.00,-16678.19,-106699.21,-5653.87,-16746.19
21MARCH2023,,20240528 110018,970,980,-106699.21,-5653.87,-16746.19,-106991.21,-5661.00,-16814.19
21MARCH2023,,20240528 110018,980,990,-106991.21,-5661.00,-16814.19,-107283.21,-5669.37,-16882.19
21MARCH2023,,20240528 110018,990,1000,-107283.21,-5669.37,-16882.19,-107576.21,-5679.00,-16950.19
21MARCH2023,,20240528 110018,1000,1010,-107576.21,-5679.00,-16950.19,-107868.21,-5689.87,-17018.19
21MARCH2023,,20240528 110018,1010,1020,-107868.21,-5689.87,-17018.19,-108160.21,-5702.00,-17086.19
21MARCH2023,,20240528 110018,1020,1030,-108160.21,-5702.00,-17086.19,-108452.21,-5715.37,-17154.19
21MARCH2023,,20240528 110018,1030,1040,-108452.21,-5715.37,-17154.19,-109037.21,-5745.87,-17290.19
21MARCH2023,,20240528 110018,1040,1050,-109037.21,-5745.87,-17290.19,-109329.21,-5763.00,-17358.19
21MARCH2023,,20240528 110018,1050,1060,-109329.21,-5763.00,-17358.19,-109621.21,-5781.37,-17426.19
21MARCH2023,,20240528 110018,1060,1070,-109621.21,-5781.37,-17426.19,-109913.21,-5801.00,-17494.44
21MARCH2023,,20240528 110018,1070,1075,-109913.21,-5801.00,-17494.44,-110205.71,-5822.50,-17562.44
21MARCH2023,,20240528 110018,1075,1080,-110205.71,-5822.50,-17562.44,-110498.21,-5844.00,-17630.44
21MARCH2023,,20240528 110018,1080,1090,-110498.21,-5844.00,-17630.44,-110790.21,-5867.37,-17698.44
21MARCH2023,,20240528 110018,1090,1100,-110790.21,-5867.37,-17698.44,-110792.21,-5867.56,-17698.94
21MARCH2023,,20240528 110018,1100,1101,-110792.21,-5867.56,-17698.94,-111358.24,-5914.03,-17830.71
21MARCH2023,,20240528 110018,1101,1102,-111358.24,-5914.03,-17830.71,-111924.27,-5960.50,-17962.48
21MARCH2023,,20240528 110018,1102,1103,-111924.27,-5960.50,-17962.48,-112490.30,-6006.96,-18094.26
21MARCH2023,,20240528 110018,1103,1104,-112490.30,-6006.96,-18094.26,-113056.34,-6053.43,-18226.03
21MARCH2023,,20240528 110018,1104,1105,-113056.34,-6053.43,-18226.03,-113622.37,-6099.90,-18357.80
21MARCH2023,,20240528 110018,1105,1106,-113622.37,-6099.90,-18357.80,-114188.40,-6146.36,-18489.58
21MARCH2023,,20240528 110018,1106,1107,-114188.40,-6146.36,-18489.58,-114754.43,-6192.83,-18621.35
21MARCH2023,,20240528 110018,1107,1108,-114754.43,-6192.83,-18621.35,-115320.46,-6239.29,-18753.12
21MARCH2023,,20240528 110018,1108,1109,-115320.46,-6239.29,-18753.12,-115886.49,-6285.76,-18884.90
21MARCH2023,,20240528 110018,1109,1111,-115886.49,-6285.76,-18884.90,-116452.52,-6332.23,-19016.67
21MARCH2023,,20240528 110018,1111,1112,-116452.52,-6332.23,-19016.67,-117018.55,-6378.70,-19148.44
21MARCH2023,,20240528 110018,1112,1113,-117018.55,-6378.70,-19148.44,-117584.59,-6425.16,-19280.22
21MARCH2023,,20240528 110018,1113,1114,-117584.59,-6425.16,-19280.22,-118150.62,-6471.63,-19411.99
21MARCH2023,,20240528 110018,1280,1290,-134165.22,-7557.00,-23140.19,-134457.22,-7556.37,-23208.19
21MARCH2023,,20240528 110018,1290,1300,-134457.22,-7556.37,-23208.19,-134749.22,-7554.50,-23276.19
21MARCH2023,,20240528 110018,1300,1310,-134749.22,-7554.50,-23276.19,-135041.22,-7551.37,-23344.19
21MARCH2023,,20240528 110018,1310,1320,-135041.22,-7551.37,-23344.19,-135333.22,-7547.00,-23412.19
21MARCH2023,,20240528 110018,1320,1330,-135333.22,-7547.00,-23412.19,-135626.22,-7541.37,-23480.19
21MARCH2023,,20240528 110018,1330,1340,-135626.22,-7541.37,-23480.19,-135918.22,-7534.50,-23548.19
21MARCH2023,,20240528 110018,1340,1350,-135918.22,-7534.50,-23548.19,-136210.22,-7526.37,-23616.19
21MARCH2023,,20240528 110018,1350,1360,-136210.22,-7526.37,-23616.19,-136502.22,-7517.00,-23684.19
21MARCH2023,,20240528 110018,1360,1370,-136502.22,-7517.00,-23684.19,-136794.22,-7506.37,-23752.19
21MARCH2023,,20240528 110018,1370,1380,-136794.22,-7506.37,-23752.19,-137086.22,-7494.50,-23820.19
21MARCH2023,,20240528 110018,1380,1390,-137086.22,-7494.50,-23820.19,-137378.22,-7481.37,-23888.19
21MARCH2023,,20240528 110018,1390,1395,-137378.22,-7481.37,-23888.19,-137671.22,-7466.37,-23956.31
21MARCH2023,,20240528 110018,1395,1400,-137671.22,-7466.37,-23956.31,-137964.22,-7451.37,-24024.44
21MARCH2023,,20240528 110018,1400,1410,-137964.22,-7451.37,-24024.44,-138256.22,-7434.50,-24092.44
21MARCH2023,,20240528 110018,1410,1420,-138256.22,-7434.50,-24092.44,-138548.22,-7416.37,-24160.44
21MARCH2023,,20240528 110018,1420,1430,-138548.22,-7416.37,-24160.44,-138840.22,-7397.00,-24228.44
21MARCH2023,,20240528 110018,1430,1440,-138840.22,-7397.00,-24228.44,-139132.22,-7376.37,-24296.44
21MARCH2023,,20240528 110018,1440,1450,-139132.22,-7376.37,-24296.44,-139424.22,-7354.50,-24364.44
21MARCH2023,,20240528 110018,1450,1451,-139424.22,-7354.50,-24364.44,-139986.56,-7308.35,-24495.35
21MARCH2023,,20240528 110018,1451,1452,-139986.56,-7308.35,-24495.35,-140548.91,-7262.20,-24626.26
21MARCH2023,,20240528 110018,1452,1453,-140548.91,-7262.20,-24626.26,-141111.25,-7216.05,-24757.17
21MARCH2023,,20240528 110018,1453,1454,-141111.25,-7216.05,-24757.17,-141673.59,-7169.90,-24888.08
21MARCH2023,,20240528 110018,1454,1455,-141673.59,-7169.90,-24888.08,-142235.94,-7123.75,-25018.99
21MARCH2023,,20240528 110018,1455,1456,-142235.94,-7123.75,-25018.99,-142798.28,-7077.60,-25149.90
21MARCH2023,,20240528 110018,1456,1457,-142798.28,-7077.60,-25149.90,-143360.63,-7031.45,-25280.81
21MARCH2023,,20240528 110018,1457,1458,-143360.63,-7031.45,-25280.81,-143922.97,-6985.30,-25411.72
21MARCH2023,,20240528 110018,1458,1459,-143922.97,-6985.30,-25411.72,-144485.31,-6939.15,-25542.63
21MARCH2023,,20240528 110018,1459,1461,-144485.31,-6939.15,-25542.63,-145047.66,-6893.00,-25673.54
21MARCH2023,,20240528 110018,1461,1462,-145047.66,-6893.00,-25673.54,-145610.00,-6846.85,-25804.45
21MARCH2023,,20240528 110018,1462,1463,-145610.00,-6846.85,-25804.45,-146172.34,-6800.70,-25935.36
21MARCH2023,,20240528 110018,1463,1464,-146172.34,-6800.70,-25935.36,-146734.69,-6754.55,-26066.27
21MARCH2023,,20240528 110018,1464,1465,-146734.69,-6754.55,-26066.27,-147297.03,-6708.40,-26197.18
21MARCH2023,,20240528 110018,1465,1466,-147297.03,-6708.40,-26197.18,-147859.38,-6662.25,-26328.09
21MARCH2023,,20240528 110018,1466,1467,-147859.38,-6662.25,-26328.09,-148421.72,-6616.10,-26459.00
21MARCH2023,,20240528 110018,1467,1468,-148421.72,-6616.10,-26459.00,-148984.06,-6569.95,-26589.91
21MARCH2023,,20240528 110018,1468,1469,-148984.06,-6569.95,-26589.91,-149546.41,-6523.80,-26720.82
21MARCH2023,,20240528 110018,1469,1471,-149546.41,-6523.80,-26720.82,-150108.75,-6477.65,-26851.73
21MARCH2023,,20240528 110018,1471,1472,-150108.75,-6477.65,-26851.73,-150671.09,-6431.50,-26982.64
21MARCH2023,,20240528 110018,1472,1473,-150671.09,-6431.50,-26982.64,-151233.44,-6385.35,-27113.55
21MARCH2023,,20240528 110018,1473,1474,-151233.44,-6385.35,-27113.55,-151795.78,-6339.20,-27244.46
21MARCH2023,,20240528 110018,1474,1475,-151795.78,-6339.20,-27244.46,-152358.13,-6293.05,-27375.37
21MARCH2023,,20240528 110018,1475,1476,-152358.13,-6293.05,-27375.37,-152920.47,-6246.90,-27506.28
21MARCH2023,,20240528 110018,1476,1477,-152920.47,-6246.90,-27506.28,-153482.81,-6200.75,-27637.19
21MARCH2023,,20240528 110018,1477,1478,-153482.81,-6200.75,-27637.19,-154045.16,-6154.60,-27768.10
21MARCH2023,,20240528 110018,1478,1479,-154045.16,-6154.60,-27768.10,-154607.50,-6108.45,-27899.01
21MARCH2023,,20240528 110018,1479,1481,-154607.50,-6108.45,-27899.01,-155169.84,-6062.30,-28029.92
21MARCH2023,,20240528 110018,1481,1482,-155169.84,-6062.30,-28029.92,-155732.19,-6016.15,-28160.83
21MARCH2023,,20240528 110018,1482,1483,-155732.19,-6016.15,-28160.83,-156294.53,-5970.00,-28291.74
21MARCH2023,,20240528 110018,1483,1484,-156294.53,-5970.00,-28291.74,-156856.88,-5923.85,-28422.65
21MARCH2023,,20240528 110018,1484,1485,-156856.88,-5923.85,-28422.65,-157419.22,-5877.70,-28553.56
21MARCH2023,,20240528 110018,1485,1486,-157419.22,-5877.70,-28553.56,-157981.56,-5831.55,-28684.47
21MARCH2023,,20240528 110018,1486,1487,-157981.56,-5831.55,-28684.47,-158543.91,-5785.40,-28815.38
21MARCH2023,,20240528 110018,1487,1488,-158543.91,-5785.40,-28815.38,-159106.25,-5739.25,-28946.29
21MARCH2023,,20240528 110018,1488,1489,-159106.25,-5739.25,-28946.29,-159668.59,-5693.10,-29077.20
21MARCH2023,,20240528 110018,1489,1491,-159668.59,-5693.10,-29077.20,-160230.94,-5646.95,-29208.11
21MARCH2023,,20240528 110018,1491,1492,-160230.94,-5646.95,-29208.11,-160793.28,-5600.80,-29339.02
21MARCH2023,,20240528 110018,1492,1493,-160793.28,-5600.80,-29339.02,-161355.63,-5554.65,-29469.93
21MARCH2023,,20240528 110018,1493,1494,-161355.63,-5554.65,-29469.93,-161917.97,-5508.50,-29600.84
21MARCH2023,,20240528 110018,1494,1495,-161917.97,-5508.50,-29600.84,-162480.31,-5462.35,-29731.75
21MARCH2023,,20240528 110018,1495,1496,-162480.31,-5462.35,-29731.75,-163042.66,-5416.20,-29862.66
21MARCH2023,,20240528 110018,1496,1497,-163042.66,-5416.20,-29862.66,-163605.00,-5370.05,-29993.57
21MARCH2023,,20240528 110018,1497,1498,-163605.00,-5370.05,-29993.57,-164167.34,-5323.90,-30124.48
21MARCH2023,,20240528 110018,1498,1499,-164167.34,-5323.90,-30124.48,-164729.69,-5277.75,-30255.39
21MARCH2023,,20240528 110018,1499,1501,-164729.69,-5277.75,-30255.39,-165292.03,-5231.60,-30386.30
21MARCH2023,,20240528 110018,1501,1502,-165292.03,-5231.60,-30386.30,-165854.38,-5185.45,-30517.21
21MARCH2023,,20240528 110018,1502,1503,-165854.38,-5185.45,-30517.21,-166416.72,-5139.30,-30648.12
21MARCH2023,,20240528 110018,1503,1504,-166416.72,-5139.30,-30648.12,-166979.06,-5093.15,-30779.03
21MARCH2023,,20240528 110018,1504,1505,-166979.06,-5093.15,-30779.03,-167541.41,-5047.00,-30909.94
21MARCH2023,,20240528 110018,1505,1506,-167541.41,-5047.00,-30909.94,-168103.75,-5000.85,-31040.85
21MARCH2023,,20240528 110018,1506,1507,-168103.75,-5000.85,-31040.85,-168666.09,-4954.70,-31171.76
21MARCH2023,,20240528 110018,1507,1460,-168666.09,-4954.70,-31171.76,-169228.44,-4908.55,-31302.67
21MARCH2023,,20240528 110018,1460,1470,-169228.44,-4908.55,-31302.67,-169520.44,-4886.87,-31370.67
21MARCH2023,,20240528 110018,1470,1480,-169520.44,-4886.87,-31370.67,-169812.44,-4866.43,-31438.67
21MARCH2023,,20240528 110018,1480,1490,-169812.44,-4866.43,-31438.67,-170104.44,-4847.24,-31506.67
21MARCH2023,,20240528 110018,1760,1770,-208286.50,-3971.38,-41772.48,-208566.50,-3952.19,-41879.48
21MARCH2023,,20240528 110018,1770,1780,-208566.50,-3952.19,-41879.48,-208846.50,-3931.75,-41986.48
21MARCH2023,,20240528 110018,1780,1790,-208846.50,-3931.75,-41986.48,-209126.50,-3910.06,-42093.48
21MARCH2023,,20240528 110018,1790,1791,-209126.50,-3910.06,-42093.48,-209660.50,-3864.36,-42297.40
21MARCH2023,,20240528 110018,1791,1792,-209660.50,-3864.36,-42297.40,-210194.50,-3818.66,-42501.32
21MARCH2023,,20240528 110018,1792,1793,-210194.50,-3818.66,-42501.32,-210728.50,-3772.95,-42705.24
21MARCH2023,,20240528 110018,1793,1794,-210728.50,-3772.95,-42705.24,-211262.50,-3727.25,-42909.16
21MARCH2023,,20240528 110018,1794,1795,-211262.50,-3727.25,-42909.16,-211796.50,-3681.54,-43113.09
21MARCH2023,,20240528 110018,1795,1796,-211796.50,-3681.54,-43113.09,-212330.50,-3635.84,-43317.01
21MARCH2023,,20240528 110018,1796,1797,-212330.50,-3635.84,-43317.01,-212864.50,-3590.13,-43520.93
21MARCH2023,,20240528 110018,1797,1798,-212864.50,-3590.13,-43520.93,-213398.50,-3544.43,-43724.85
21MARCH2023,,20240528 110018,1798,1799,-213398.50,-3544.43,-43724.85,-213932.50,-3498.72,-43928.77
21MARCH2023,,20240528 110018,1799,1801,-213932.50,-3498.72,-43928.77,-214466.50,-3453.02,-44132.70
21MARCH2023,,20240528 110018,1801,1802,-214466.50,-3453.02,-44132.70,-215000.50,-3407.32,-44336.62
21MARCH2023,,20240528 110018,1802,1803,-215000.50,-3407.32,-44336.62,-215534.50,-3361.61,-44540.54
21MARCH2023,,20240528 110018,1803,1804,-215534.50,-3361.61,-44540.54,-216068.50,-3315.91,-44744.46
21MARCH2023,,20240528 110018,1804,1805,-216068.50,-3315.91,-44744.46,-216602.50,-3270.20,-44948.38
21MARCH2023,,20240528 110018,1805,1806,-216602.50,-3270.20,-44948.38,-217136.50,-3224.50,-45152.30
21MARCH2023,,20240528 110018,1806,1807,-217136.50,-3224.50,-45152.30,-217670.50,-3178.79,-45356.23
21MARCH2023,,20240528 110018,1807,1808,-217670.50,-3178.79,-45356.23,-218204.50,-3133.09,-45560.15
21MARCH2023,,20240528 110018,1808,1809,-218204.50,-3133.09,-45560.15,-218738.50,-3087.39,-45764.07
21MARCH2023,,20240528 110018,1809,1811,-218738.50,-3087.39,-45764.07,-219272.50,-3041.68,-45967.99
21MARCH2023,,20240528 110018,1811,1812,-219272.50,-3041.68,-45967.99,-219806.50,-2995.98,-46171.91
21MARCH2023,,20240528 110018,1812,1813,-219806.50,-2995.98,-46171.91,-220340.50,-2950.27,-46375.84
21MARCH2023,,20240528 110018,1813,1814,-220340.50,-2950.27,-46375.84,-220874.50,-2904.57,-46579.76
21MARCH2023,,20240528 110018,1814,1815,-220874.50,-2904.57,-46579.76,-221408.50,-2858.86,-46783.68
21MARCH2023,,20240528 110018,1815,1816,-221408.50,-2858.86,-46783.68,-221942.50,-2813.16,-46987.60
21MARCH2023,,20240528 110018,1816,1817,-221942.50,-2813.16,-46987.60,-222476.50,-2767.46,-47191.52
21MARCH2023,,20240528 110018,1817,1818,-222476.50,-2767.46,-47191.52,-223010.50,-2721.75,-47395.45
21MARCH2023,,20240528 110018,1818,1819,-223010.50,-2721.75,-47395.45,-223544.50,-2676.05,-47599.37
21MARCH2023,,20240528 110018,1819,1821,-223544.50,-2676.05,-47599.37,-224078.50,-2630.34,-47803.29
21MARCH2023,,20240528 110018,1821,1822,-224078.50,-2630.34,-47803.29,-224612.50,-2584.64,-48007.21
21MARCH2023,,20240528 110018,1822,1823,-224612.50,-2584.64,-48007.21,-225146.50,-2538.93,-48211.13
21MARCH2023,,20240528 110018,1823,1824,-225146.50,-2538.93,-48211.13,-225680.50,-2493.23,-48415.05
21MARCH2023,,20240528 110018,1824,1825,-225680.50,-2493.23,-48415.05,-226214.50,-2447.52,-48618.98
21MARCH2023,,20240528 110018,1825,1826,-226214.50,-2447.52,-48618.98,-226748.50,-2401.82,-48822.90
21MARCH2023,,20240528 110018,1826,1827,-226748.50,-2401.82,-48822.90,-227282.50,-2356.12,-49026.82
21MARCH2023,,20240528 110018,1490,1500,-170104.44,-4847.24,-31506.67,-170396.44,-4829.30,-31574.67
21MARCH2023,,20240528 110018,1500,1510,-170396.44,-4829.30,-31574.67,-170688.44,-4812.62,-31642.67
21MARCH2023,,20240528 110018,1510,1520,-170688.44,-4812.62,-31642.67,-170980.44,-4797.18,-31710.67
21MARCH2023,,20240528 110018,1520,1530,-170980.44,-4797.18,-31710.67,-171272.44,-4782.99,-31778.67
21MARCH2023,,20240528 110018,1530,1540,-171272.44,-4782.99,-31778.67,-171564.44,-4770.05,-31846.67
21MARCH2023,,20240528 110018,1540,1550,-171564.44,-4770.05,-31846.67,-171856.44,-4758.37,-31914.67
21MARCH2023,,20240528 110018,1550,1560,-171856.44,-4758.37,-31914.67,-172148.44,-4747.93,-31982.67
21MARCH2023,,20240528 110018,1560,1570,-172148.44,-4747.93,-31982.67,-172734.44,-4730.80,-32118.92
21MARCH2023,,20240528 110018,1570,1571,-172734.44,-4730.80,-32118.92,-173301.28,-4719.87,-32250.89
21MARCH2023,,20240528 110018,1571,1572,-173301.28,-4719.87,-32250.89,-173868.13,-4708.94,-32382.86
21MARCH2023,,20240528 110018,1572,1573,-173868.13,-4708.94,-32382.86,-174434.97,-4698.01,-32514.82
21MARCH2023,,20240528 110018,1573,1574,-174434.97,-4698.01,-32514.82,-175001.81,-4687.08,-32646.79
21MARCH2023,,20240528 110018,1574,1575,-175001.81,-4687.08,-32646.79,-175568.66,-4676.15,-32778.76
21MARCH2023,,20240528 110018,1575,1576,-175568.66,-4676.15,-32778.76,-176135.50,-4665.22,-32910.73
21MARCH2023,,20240528 110018,1576,1577,-176135.50,-4665.22,-32910.73,-176702.34,-4654.29,-33042.70
21MARCH2023,,20240528 110018,1577,1578,-176702.34,-4654.29,-33042.70,-177269.19,-4643.36,-33174.66
21MARCH2023,,20240528 110018,1578,1579,-177269.19,-4643.36,-33174.66,-177836.03,-4632.43,-33306.63
21MARCH2023,,20240528 110018,1579,1581,-177836.03,-4632.43,-33306.63,-178402.88,-4621.50,-33438.60
21MARCH2023,,20240528 110018,1581,1582,-178402.88,-4621.50,-33438.60,-178969.72,-4610.57,-33570.57
21MARCH2023,,20240528 110018,1582,1583,-178969.72,-4610.57,-33570.57,-179536.56,-4599.64,-33702.54
21MARCH2023,,20240528 110018,1583,1584,-179536.56,-4599.64,-33702.54,-180103.41,-4588.71,-33834.51
21MARCH2023,,20240528 110018,1584,1585,-180103.41,-4588.71,-33834.51,-180670.25,-4577.77,-33966.48
21MARCH2023,,20240528 110018,1585,1586,-180670.25,-4577.77,-33966.48,-181237.09,-4566.84,-34098.45
21MARCH2023,,20240528 110018,1586,1587,-181237.09,-4566.84,-34098.45,-181803.94,-4555.91,-34230.41
21MARCH2023,,20240528 110018,1587,1588,-181803.94,-4555.91,-34230.41,-182370.78,-4544.98,-34362.38
21MARCH2023,,20240528 110018,1588,1589,-182370.78,-4544.98,-34362.38,-182937.63,-4534.05,-34494.35
21MARCH2023,,20240528 110018,1589,1591,-182937.63,-4534.05,-34494.35,-183504.47,-4523.12,-34626.32
21MARCH2023,,20240528 110018,1591,1592,-183504.47,-4523.12,-34626.32,-184071.31,-4512.19,-34758.29
21MARCH2023,,20240528 110018,1592,1593,-184071.31,-4512.19,-34758.29,-184638.16,-4501.26,-34890.26
21MARCH2023,,20240528 110018,1593,1594,-184638.16,-4501.26,-34890.26,-185205.00,-4490.33,-35022.23
21MARCH2023,,20240528 110018,1594,1595,-185205.00,-4490.33,-35022.23,-185771.84,-4479.40,-35154.20
21MARCH2023,,20240528 110018,1595,1596,-185771.84,-4479.40,-35154.20,-186338.69,-4468.47,-35286.16
21MARCH2023,,20240528 110018,1596,1597,-186338.69,-4468.47,-35286.16,-186905.53,-4457.54,-35418.13
21MARCH2023,,20240528 110018,1597,1598,-186905.53,-4457.54,-35418.13,-187472.38,-4446.61,-35550.10
21MARCH2023,,20240528 110018,1598,1599,-187472.38,-4446.61,-35550.10,-188039.22,-4435.68,-35682.07
21MARCH2023,,20240528 110018,1599,1601,-188039.22,-4435.68,-35682.07,-188606.06,-4424.75,-35814.04
21MARCH2023,,20240528 110018,1601,1602,-188606.06,-4424.75,-35814.04,-189172.91,-4413.81,-35946.01
21MARCH2023,,20240528 110018,1602,1603,-189172.91,-4413.81,-35946.01,-189739.75,-4402.88,-36077.98
21MARCH2023,,20240528 110018,1603,1604,-189739.75,-4402.88,-36077.98,-190306.59,-4391.95,-36209.95
21MARCH2023,,20240528 110018,1604,1605,-190306.59,-4391.95,-36209.95,-190873.44,-4381.02,-36341.91
21MARCH2023,,20240528 110018,1605,1606,-190873.44,-4381.02,-36341.91,-191440.28,-4370.09,-36473.88
21MARCH2023,,20240528 110018,1606,1607,-191440.28,-4370.09,-36473.88,-192007.13,-4359.16,-36605.85
21MARCH2023,,20240528 110018,1607,1608,-192007.13,-4359.16,-36605.85,-192573.97,-4348.23,-36737.82
21MARCH2023,,20240528 110018,1608,1609,-192573.97,-4348.23,-36737.82,-193140.81,-4337.30,-36869.79
21MARCH2023,,20240528 110018,1609,1611,-193140.81,-4337.30,-36869.79,-193707.66,-4326.37,-37001.76
21MARCH2023,,20240528 110018,1611,1580,-193707.66,-4326.37,-37001.76,-194274.50,-4315.44,-37133.73
21MARCH2023,,20240528 110018,1580,1590,-194274.50,-4315.44,-37133.73,-194938.50,-4302.63,-37291.48
21MARCH2023,,20240528 110018,1590,1612,-194938.50,-4302.63,-37291.48,-195519.50,-4291.38,-37437.73
21MARCH2023,,20240528 110018,1612,1600,-195519.50,-4291.38,-37437.73,-196100.50,-4280.13,-37583.98
21MARCH2023,,20240528 110018,1600,1613,-196100.50,-4280.13,-37583.98,-196679.50,-4268.88,-37739.98
21MARCH2023,,20240528 110018,1613,1610,-196679.50,-4268.88,-37739.98,-197258.50,-4257.63,-37895.98
21MARCH2023,,20240528 110018,1610,1615,-197258.50,-4257.63,-37895.98,-197834.50,-4246.38,-38061.60
21MARCH2023,,20240528 110018,1615,1620,-197834.50,-4246.38,-38061.60,-198410.50,-4235.13,-38227.23
21MARCH2023,,20240528 110018,1620,1630,-198410.50,-4235.13,-38227.23,-199000.50,-4223.56,-38404.48
21MARCH2023,,20240528 110018,1630,1640,-199000.50,-4223.56,-38404.48,-199558.50,-4212.63,-38577.48
21MARCH2023,,20240528 110018,1640,1645,-199558.50,-4212.63,-38577.48,-200128.50,-4201.38,-38762.23
21MARCH2023,,20240528 110018,1645,1650,-200128.50,-4201.38,-38762.23,-200698.50,-4190.13,-38946.98
21MARCH2023,,20240528 110018,1650,1655,-200698.50,-4190.13,-38946.98,-201265.50,-4178.88,-39141.10
21MARCH2023,,20240528 110018,1655,1660,-201265.50,-4178.88,-39141.10,-201832.50,-4167.63,-39335.23
21MARCH2023,,20240528 110018,1660,1665,-201832.50,-4167.63,-39335.23,-202396.50,-4156.38,-39538.85
21MARCH2023,,20240528 110018,1665,1670,-202396.50,-4156.38,-39538.85,-202960.50,-4145.13,-39742.48
21MARCH2023,,20240528 110018,1670,1680,-202960.50,-4145.13,-39742.48,-203628.50,-4131.75,-39993.48
21MARCH2023,,20240528 110018,1680,1682,-203628.50,-4131.75,-39993.48,-204162.00,-4120.77,-40197.41
21MARCH2023,,20240528 110018,1682,1684,-204162.00,-4120.77,-40197.41,-204695.50,-4109.78,-40401.35
21MARCH2023,,20240528 110018,1684,1686,-204695.50,-4109.78,-40401.35,-205229.00,-4098.80,-40605.29
21MARCH2023,,20240528 110018,1686,1690,-205229.00,-4098.80,-40605.29,-205762.50,-4087.81,-40809.23
21MARCH2023,,20240528 110018,1690,1700,-205762.50,-4087.81,-40809.23,-206324.50,-4070.69,-41023.23
21MARCH2023,,20240528 110018,1700,1710,-206324.50,-4070.69,-41023.23,-206604.50,-4060.25,-41130.23
21MARCH2023,,20240528 110018,1710,1720,-206604.50,-4060.25,-41130.23,-206884.50,-4048.56,-41237.23
21MARCH2023,,20240528 110018,1720,1730,-206884.50,-4048.56,-41237.23,-207164.50,-4035.63,-41344.23
21MARCH2023,,20240528 110018,1730,1740,-207164.50,-4035.63,-41344.23,-207444.50,-4021.44,-41451.23
21MARCH2023,,20240528 110018,1740,1750,-207444.50,-4021.44,-41451.23,-207724.50,-4006.00,-41558.23
21MARCH2023,,20240528 110018,1750,1755,-207724.50,-4006.00,-41558.23,-208005.50,-3988.69,-41665.35
21MARCH2023,,20240528 110018,1755,1760,-208005.50,-3988.69,-41665.35,-208286.50,-3971.38,-41772.48
21MARCH2023,,20240528 110018,1827,1828,-227282.50,-2356.12,-49026.82,-227816.50,-2310.41,-49230.74
21MARCH2023,,20240528 110018,1828,1829,-227816.50,-2310.41,-49230.74,-228350.50,-2264.71,-49434.66
21MARCH2023,,20240528 110018,1829,1831,-228350.50,-2264.71,-49434.66,-228884.50,-2219.00,-49638.59
21MARCH2023,,20240528 110018,1831,1832,-228884.50,-2219.00,-49638.59,-229418.50,-2173.30,-49842.51
21MARCH2023,,20240528 110018,1832,1833,-229418.50,-2173.30,-49842.51,-229952.50,-2127.59,-50046.43
21MARCH2023,,20240528 110018,1833,1834,-229952.50,-2127.59,-50046.43,-230486.50,-2081.89,-50250.35
21MARCH2023,,20240528 110018,1834,1835,-230486.50,-2081.89,-50250.35,-231020.50,-2036.19,-50454.27
21MARCH2023,,20240528 110018,1835,1836,-231020.50,-2036.19,-50454.27,-231554.50,-1990.48,-50658.20
21MARCH2023,,20240528 110018,1836,1837,-231554.50,-1990.48,-50658.20,-232088.50,-1944.78,-50862.12
21MARCH2023,,20240528 110018,1837,1838,-232088.50,-1944.78,-50862.12,-232622.50,-1899.07,-51066.04
21MARCH2023,,20240528 110018,1838,1839,-232622.50,-1899.07,-51066.04,-233156.50,-1853.37,-51269.96
21MARCH2023,,20240528 110018,1839,1841,-233156.50,-1853.37,-51269.96,-233690.50,-1807.66,-51473.88
21MARCH2023,,20240528 110018,1841,1842,-233690.50,-1807.66,-51473.88,-234224.50,-1761.96,-51677.80
21MARCH2023,,20240528 110018,1842,1800,-234224.50,-1761.96,-51677.80,-234758.50,-1716.26,-51881.73
21MARCH2023,,20240528 110018,1800,1810,-234758.50,-1716.26,-51881.73,-234910.50,-1707.26,-51939.73
21MARCH2023,,20240528 110018,1810,1820,-234910.50,-1707.26,-51939.73,-235190.50,-1691.88,-52046.73
21MARCH2023,,20240528 110018,1820,1830,-235190.50,-1691.88,-52046.73,-235470.50,-1677.76,-52153.98
21MARCH2023,,20240528 110018,1830,1840,-235470.50,-1677.76,-52153.98,-235750.50,-1664.88,-52260.98
21MARCH2023,,20240528 110018,1840,1850,-235750.50,-1664.88,-52260.98,-235950.50,-1656.63,-52336.98
21MARCH2023,,20240528 110018,1850,1855,-235950.50,-1656.63,-52336.98,-236296.70,-1646.16,-52472.68
21MARCH2023,,20240528 110018,1855,1857,-236296.70,-1646.16,-52472.68,-236742.59,-1632.68,-52647.45
21MARCH2023,,20240528 110018,1857,1860,-236742.59,-1632.68,-52647.45,-237188.48,-1619.19,-52822.22
21MARCH2023,,20240528 110018,1860,1863,-237188.48,-1619.19,-52822.22,-237685.16,-1619.23,-53011.89
21MARCH2023,,20240528 110018,1863,1866,-237685.16,-1619.23,-53011.89,-238357.78,-1619.29,-53268.75
21MARCH2023,,20240528 110018,1866,1870,-238357.78,-1619.29,-53268.75,-238694.09,-1619.32,-53397.18
21MARCH2023,,20240528 110018,1870,1880,-238694.09,-1619.32,-53397.18,-238663.38,-1283.13,-53473.01
21MARCH2023,,20240528 110018,1880,1890,-238663.38,-1283.13,-53473.01,-238660.97,-1253.99,-53479.55
21MARCH2023,,20240528 110018,1890,1900,-238660.97,-1253.99,-53479.55,-238658.48,-1221.15,-53486.88
21MARCH2023,,20240528 110018,1900,1910,-238658.48,-1221.15,-53486.88,-238656.78,-1203.75,-53490.84
21MARCH2023,,20240528 110018,1910,1920,-238656.78,-1203.75,-53490.84,-238656.78,-1193.38,-53493.09
21MARCH2023,,20240528 110018,1920,1930,-238656.78,-1193.38,-53493.09,-238656.78,-629.38,-53493.09
21MARCH2023,,20240528 110018,1930,1935,-238656.78,-629.38,-53493.09,-238538.72,-629.38,-53800.71
21MARCH2023,,20240528 110018,1935,1940,-238538.72,-629.38,-53800.71,-238478.00,-629.38,-53958.93
21MARCH2023,,20240528 110018,1940,1950,-238478.00,-629.38,-53958.93,-238460.00,-629.38,-54007.68
21MARCH2023,,20240528 110018,1950,1960,-238460.00,-629.38,-54007.68,-238229.72,-629.38,-54044.77
21MARCH2023,,20240528 110018,1960,1970,-238229.72,-629.38,-54044.77,-238148.00,-629.38,-54057.93
21MARCH2023,,20240528 110018,1970,1980,-238148.00,-629.38,-54057.93,-238124.00,-629.38,-54061.68
21MARCH2023,,20240528 110018,2250,2260,-242276.45,-1015.30,-60125.26,-242282.45,-1014.67,-60101.76
21MARCH2023,,20240528 110018,2260,2262,-242282.45,-1014.67,-60101.76,-242405.45,-1001.39,-59581.01
21MARCH2023,,20240528 110018,2262,2264,-242405.45,-1001.39,-59581.01,-242528.45,-988.11,-59060.26
21MARCH2023,,20240528 110018,2264,2266,-242528.45,-988.11,-59060.26,-242651.45,-974.83,-58539.51
21MARCH2023,,20240528 110018,2266,2270,-242651.45,-974.83,-58539.51,-242774.45,-961.55,-58018.76
21MARCH2023,,20240528 110018,2270,2280,-242774.45,-961.55,-58018.76,-242780.45,-960.92,-57995.26
21MARCH2023,,20240528 110018,2280,2290,-242780.45,-960.92,-57995.26,-242788.45,-960.05,-57961.76
21MARCH2023,,20240528 110018,2290,2300,-242788.45,-960.05,-57961.76,-242800.98,-958.68,-57909.25
21MARCH2023,,20240528 110018,2300,2310,-242800.98,-958.68,-57909.25,-242856.72,-952.58,-57675.89
21MARCH2023,,20240528 110018,2310,2320,-242856.72,-952.58,-57675.89,-242912.45,-946.49,-57442.53
21MARCH2023,,20240528 110018,2320,2330,-242912.45,-946.49,-57442.53,-242968.19,-940.39,-57209.17
21MARCH2023,,20240528 110018,2330,2340,-242968.19,-940.39,-57209.17,-243023.92,-934.30,-56975.81
21MARCH2023,,20240528 110018,2340,2350,-243023.92,-934.30,-56975.81,-243079.66,-928.20,-56742.45
21MARCH2023,,20240528 110018,2350,2360,-243079.66,-928.20,-56742.45,-243135.39,-922.11,-56509.09
21MARCH2023,,20240528 110018,2360,2370,-243135.39,-922.11,-56509.09,-243191.13,-916.01,-56275.73
21MARCH2023,,20240528 110018,2370,2380,-243191.13,-916.01,-56275.73,-243246.86,-909.91,-56042.38
21MARCH2023,,20240528 110018,2380,2390,-243246.86,-909.91,-56042.38,-243305.38,-903.52,-55797.35
21MARCH2023,,20240528 110018,2390,2400,-243305.38,-903.52,-55797.35,-243568.11,-903.52,-55859.55
21MARCH2023,,20240528 110018,2400,2410,-243568.11,-903.52,-55859.55,-243632.33,-903.52,-55874.76
21MARCH2023,,20240528 110018,2410,2420,-243632.33,-903.52,-55874.76,-243696.55,-903.52,-55889.96
21MARCH2023,,20240528 110018,2420,2430,-243696.55,-903.52,-55889.96,-243760.77,-903.52,-55905.17
21MARCH2023,,20240528 110018,2430,2440,-243760.77,-903.52,-55905.17,-244069.98,-789.52,-55981.13
21MARCH2023,,20240528 110018,2440,2445,-244069.98,-789.52,-55981.13,-244140.05,-789.52,-55997.71
21MARCH2023,,20240528 110018,2445,2450,-244140.05,-789.52,-55997.71,-244239.30,-789.52,-56021.21
21MARCH2023,,20240528 110018,2450,2460,-244239.30,-789.52,-56021.21,-244303.52,-789.52,-56036.42
21MARCH2023,,20240528 110018,2460,2470,-244303.52,-789.52,-56036.42,-244347.31,-789.52,-56046.79
21MARCH2023,,20240528 110018,2470,2480,-244347.31,-789.52,-56046.79,-244481.59,-789.52,-56078.58
21MARCH2023,,20240528 110018,2480,2490,-244481.59,-789.52,-56078.58,-244575.02,-789.52,-56100.70
21MARCH2023,,20240528 110018,2490,2500,-244575.02,-789.52,-56100.70,-244888.19,-886.06,-56174.84
21MARCH2023,,20240528 110018,2500,2510,-244888.19,-886.06,-56174.84,-245004.95,-886.06,-56202.48
21MARCH2023,,20240528 110018,2470,2600,-244347.31,-789.52,-56046.79,-244357.53,-789.52,-56003.99
21MARCH2023,,20240528 110018,2600,2610,-244357.53,-789.52,-56003.99,-244370.53,-789.52,-55949.52
21MARCH2023,,20240528 110018,2610,2620,-244370.53,-789.52,-55949.52,-244404.53,-789.52,-55818.46
21MARCH2023,,20240528 110018,2620,2630,-244404.53,-789.52,-55818.46,-244340.53,-789.52,-55803.46
21MARCH2023,,20240528 110018,2630,2640,-244340.53,-789.52,-55803.46,-243896.53,-789.52,-55698.71
21MARCH2023,,20240528 110018,2640,2650,-243896.53,-789.52,-55698.71,-243854.20,-789.52,-55688.70
21MARCH2023,,20240528 110018,2650,2660,-243854.20,-789.52,-55688.70,-243801.66,-789.52,-55676.28
21MARCH2023,,20240528 110018,1980,1990,-238124.00,-629.38,-54061.68,-237828.00,-629.38,-54109.18
21MARCH2023,,20240528 110018,1990,2000,-237828.00,-629.38,-54109.18,-237868.00,-779.38,-54365.68
21MARCH2023,,20240528 110018,2000,2010,-237868.00,-779.38,-54365.68,-237872.00,-791.38,-54386.18
21MARCH2023,,20240528 110018,2010,2014,-237872.00,-791.38,-54386.18,-237886.48,-843.78,-54475.82
21MARCH2023,,20240528 110018,2015,2020,-237886.48,-843.78,-54475.82,-237900.97,-896.19,-54565.46
21MARCH2023,,20240528 110018,2020,2030,-237900.97,-896.19,-54565.46,-237918.22,-965.39,-54683.61
21MARCH2023,,20240528 110018,2030,2040,-237918.22,-965.39,-54683.61,-237922.22,-977.45,-54704.36
21MARCH2023,,20240528 110018,2040,2050,-237922.22,-977.45,-54704.36,-237926.22,-977.45,-54728.11
21MARCH2023,,20240528 110018,2050,2060,-237926.22,-977.45,-54728.11,-237934.22,-977.45,-54783.61
21MARCH2023,,20240528 110018,2060,2070,-237934.22,-977.45,-54783.61,-237938.22,-977.45,-54807.36
21MARCH2023,,20240528 110018,2070,2072,-237938.22,-977.45,-54807.36,-238023.22,-977.45,-55336.67
21MARCH2023,,20240528 110018,2072,2074,-238023.22,-977.45,-55336.67,-238108.22,-977.45,-55865.98
21MARCH2023,,20240528 110018,2074,2076,-238108.22,-977.45,-55865.98,-238193.22,-977.45,-56395.29
21MARCH2023,,20240528 110018,2076,2080,-238193.22,-977.45,-56395.29,-238278.22,-977.45,-56924.61
21MARCH2023,,20240528 110018,2080,2090,-238278.22,-977.45,-56924.61,-238290.22,-977.45,-57003.86
21MARCH2023,,20240528 110018,2090,2100,-238290.22,-977.45,-57003.86,-238294.22,-977.51,-57027.61
21MARCH2023,,20240528 110018,2100,2110,-238294.22,-977.51,-57027.61,-238310.22,-977.58,-57046.36
21MARCH2023,,20240528 110018,2110,2120,-238310.22,-977.58,-57046.36,-238360.22,-977.64,-57108.61
21MARCH2023,,20240528 110018,2120,2121,-238360.22,-977.64,-57108.61,-238749.22,-978.11,-57587.15
21MARCH2023,,20240528 110018,2121,2122,-238749.22,-978.11,-57587.15,-239138.22,-978.58,-58065.69
21MARCH2023,,20240528 110018,2122,2123,-239138.22,-978.58,-58065.69,-239527.22,-979.05,-58544.23
21MARCH2023,,20240528 110018,2123,2124,-239527.22,-979.05,-58544.23,-239916.22,-979.52,-59022.78
21MARCH2023,,20240528 110018,2124,2125,-239916.22,-979.52,-59022.78,-240305.22,-979.98,-59501.32
21MARCH2023,,20240528 110018,2125,2130,-240305.22,-979.98,-59501.32,-240694.22,-980.45,-59979.86
21MARCH2023,,20240528 110018,2130,2140,-240694.22,-980.45,-59979.86,-240708.22,-980.45,-59998.36
21MARCH2023,,20240528 110018,2140,2150,-240708.22,-980.45,-59998.36,-240754.22,-980.52,-60053.86
21MARCH2023,,20240528 110018,2150,2160,-240754.22,-980.52,-60053.86,-240773.55,-980.58,-60079.37
21MARCH2023,,20240528 110018,2160,2170,-240773.55,-980.58,-60079.37,-240804.64,-981.49,-60086.88
21MARCH2023,,20240528 110018,2170,2180,-240804.64,-981.49,-60086.88,-240874.64,-983.55,-60103.38
21MARCH2023,,20240528 110018,2180,2190,-240874.64,-983.55,-60103.38,-240898.64,-984.24,-60108.88
21MARCH2023,,20240528 110018,2190,2195,-240898.64,-984.24,-60108.88,-241393.64,-998.80,-60226.01
21MARCH2023,,20240528 110018,2195,2200,-241393.64,-998.80,-60226.01,-241888.64,-1013.36,-60343.13
21MARCH2023,,20240528 110018,2200,2210,-241888.64,-1013.36,-60343.13,-241910.64,-1014.05,-60348.88
21MARCH2023,,20240528 110018,2210,2220,-241910.64,-1014.05,-60348.88,-242116.64,-1020.05,-60396.88
21MARCH2023,,20240528 110018,2220,2230,-242116.64,-1020.05,-60396.88,-242206.03,-1022.78,-60418.45
21MARCH2023,,20240528 110018,2230,2240,-242206.03,-1022.78,-60418.45,-242228.45,-1020.49,-60329.26
21MARCH2023,,20240528 110018,2240,2250,-242228.45,-1020.49,-60329.26,-242276.45,-1015.30,-60125.26
21MARCH2023,,20240528 110018,3070,3080,-2509.35,122.00,1177.60,-2621.35,122.00,1634.57
21MARCH2023,,20240528 110018,3080,3090,-2621.35,122.00,1634.57,-2621.35,0.00,1634.57
21MARCH2023,,20240528 110018,3090,3100,-2621.35,0.00,1634.57,-2520.34,0.00,1659.33
21MARCH2023,,20240528 110018,3100,3110,-2520.34,0.00,1659.33,-2500.92,0.00,1664.09
21MARCH2023,,20240528 110018,3110,115,-2499.94,0.00,1663.97,-2422.34,0.00,1683.44
21MARCH2023,,20240528 110018,2660,2670,-243801.66,-789.52,-55676.28,-243759.33,-789.52,-55666.28
21MARCH2023,,20240528 110018,2670,2680,-243759.33,-789.52,-55666.28,-243624.17,-789.52,-55634.34
21MARCH2023,,20240528 110018,2680,2690,-243624.17,-789.52,-55634.34,-243624.17,-904.27,-55634.34
21MARCH2023,,20240528 110018,2690,2700,-243624.17,-904.27,-55634.34,-243614.86,-904.27,-55673.36
21MARCH2023,,20240528 110018,2700,2710,-243614.86,-904.27,-55673.36,-243595.88,-904.27,-55752.88
21MARCH2023,,20240528 110018,2710,2400,-243596.11,-904.27,-55752.80,-243568.11,-903.52,-55859.55
21MARCH2023,,20240528 110018,40,4000,-1051.38,0.00,181.86,-1051.38,122.00,181.86
21MARCH2023,,20240528 110018,4000,4010,-1051.38,122.00,181.86,-1051.38,122.00,109.86
21MARCH2023,,20240528 110018,4010,4020,-1051.38,122.00,109.86,-1123.38,122.00,109.86
21MARCH2023,,20240528 110018,4020,4030,-1123.38,122.00,109.86,-1123.38,122.00,-27.14
21MARCH2023,,20240528 110018,4030,4040,-1123.38,122.00,-27.14,-1123.38,122.00,-82.14
21MARCH2023,,20240528 110018,4040,4050,-1123.38,122.00,-82.14,-1123.38,122.00,-178.14
21MARCH2023,,20240528 110018,4050,4060,-1123.38,122.00,-178.14,-1123.38,122.00,-228.14
21MARCH2023,,20240528 110018,4060,4070,-1123.38,122.00,-228.14,-1123.38,122.00,-283.14
21MARCH2023,,20240528 110018,4070,4080,-1123.38,122.00,-283.14,-1123.38,122.00,-334.64
21MARCH2023,,20240528 110018,4080,4085,-1123.38,122.00,-334.64,-1123.38,122.00,-368.64
21MARCH2023,,20240528 110018,4085,4090,-1123.38,122.00,-368.64,-1123.38,122.00,-430.64
21MARCH2023,,20240528 110018,4250,4255,-1222.38,122.00,-430.64,-1222.38,122.00,-368.64
21MARCH2023,,20240528 110018,4255,4260,-1222.38,122.00,-368.64,-1222.38,122.00,-283.14
21MARCH2023,,20240528 110018,4260,4270,-1222.38,122.00,-283.14,-1222.38,122.00,-228.14
21MARCH2023,,20240528 110018,4270,4280,-1222.38,122.00,-228.14,-1222.38,122.00,-83.14
21MARCH2023,,20240528 110018,4280,4290,-1222.38,122.00,-83.14,-1222.38,122.00,-28.14
21MARCH2023,,20240528 110018,4290,4300,-1222.38,122.00,-28.14,-1222.38,122.00,180.86
21MARCH2023,,20240528 110018,4300,70,-1222.38,122.00,180.86,-1222.38,0.00,181.86
21MARCH2023,,20240528 110018,4085,4410,-1123.38,122.00,-368.64,-1154.38,122.00,-368.64
21MARCH2023,,20240528 110018,4410,4420,-1154.38,122.00,-368.64,-1163.38,122.00,-368.64
21MARCH2023,,20240528 110018,4420,4430,-1163.38,122.00,-368.64,-1180.63,122.00,-368.64
21MARCH2023,,20240528 110018,4430,4440,-1180.63,122.00,-368.64,-1189.00,122.00,-368.64
21MARCH2023,,20240528 110018,4440,4255,-1188.38,122.00,-368.64,-1222.38,122.00,-368.64
21MARCH2023,,20240528 110018,112,3000,-2226.94,0.00,886.03,-2308.52,0.00,866.03
21MARCH2023,,20240528 110018,3000,3010,-2308.52,0.00,866.03,-2327.95,0.00,861.27
21MARCH2023,,20240528 110018,3010,3020,-2327.95,0.00,861.27,-2425.07,0.00,837.46
21MARCH2023,,20240528 110018,3020,3030,-2425.07,0.00,837.46,-2425.07,122.00,837.46
21MARCH2023,,20240528 110018,3030,3040,-2425.07,122.00,837.46,-2471.73,122.00,1027.83
21MARCH2023,,20240528 110018,3040,3050,-2471.73,122.00,1027.83,-2482.92,122.00,1073.48
21MARCH2023,,20240528 110018,3050,3060,-2482.92,122.00,1073.48,-2494.35,122.00,1120.10
21MARCH2023,,20240528 110018,3060,3070,-2494.35,122.00,1120.10,-2509.35,122.00,1177.60
