JOBNAME,ISSUE_NO,UPDATE_TIME,REST_PTR,NODE_NUM,NODE_NAME,TYPE,STIFFNESS,GAP,FRIC_COEF,CNODE,XCOSINE,YCOSINE,ZCOSINE
21MARCH2023,,20240528 110018,1,2,,Y,-1.01,1.00,-1.01,-1.010100007,0.00,1.00,0.00
21MARCH2023,,20240528 110018,1,5,,Y,150000.00,-1.01,0.40,-1.010100007,0.00,1.00,0.00
21MARCH2023,,20240528 110018,1,5,,GUI,150000.00,-1.01,0.40,-1.010100007,1.00,0.00,0.00
21MARCH2023,,20240528 110018,2,10,,Y,150000.00,-1.01,0.40,-1.010100007,0.00,1.00,0.00
21MARCH2023,,20240528 110018,2,10,,GUI,150000.00,-1.01,0.40,-1.010100007,1.00,0.00,0.00
21MARCH2023,,20240528 110018,3,30,,Y,500000.00,-1.01,0.40,-1.010100007,0.00,1.00,0.00
21MARCH2023,,20240528 110018,3,30,,GUI,150000.00,-1.01,0.40,-1.010100007,1.00,-1.01,-1.01
21MARCH2023,,20240528 110018,4,60,,+Y,500000.00,-1.01,0.40,-1.010100007,0.00,1.00,0.00
21MARCH2023,,20240528 110018,4,60,,GUI,150000.00,-1.01,0.40,-1.010100007,1.00,-1.01,-1.01
21MARCH2023,,20240528 110018,5,90,,+Y,500000.00,-1.01,0.40,-1.010100007,0.00,1.00,0.00
21MARCH2023,,20240528 110018,5,90,,GUI,150000.00,-1.01,0.40,-1.010100007,1.00,-1.01,-1.01
21MARCH2023,,20240528 110018,6,110,,Y,150000.00,-1.01,0.40,-1.010100007,0.00,1.00,0.00
21MARCH2023,,20240528 110018,6,110,,GUI,150000.00,-1.01,0.40,-1.010100007,1.00,-1.01,-1.01
21MARCH2023,,20240528 110018,7,112,,Y,150000.00,-1.01,0.40,-1.010100007,0.00,1.00,0.00
21MARCH2023,,20240528 110018,7,112,,GUI,150000.00,-1.01,0.40,-1.010100007,1.00,-1.01,-1.01
21MARCH2023,,20240528 110018,8,114,,Y,150000.00,-1.01,0.40,-1.010100007,0.00,1.00,0.00
21MARCH2023,,20240528 110018,8,114,,GUI,150000.00,-1.01,0.40,-1.010100007,1.00,-1.01,-1.01
21MARCH2023,,20240528 110018,9,116,,Y,150000.00,-1.01,0.40,-1.010100007,0.00,1.00,0.00
21MARCH2023,,20240528 110018,9,116,,GUI,150000.00,-1.01,0.40,-1.010100007,1.00,-1.01,-1.01
21MARCH2023,,20240528 110018,10,118,,Y,150000.00,-1.01,0.40,-1.010100007,0.00,1.00,0.00
21MARCH2023,,20240528 110018,10,118,,GUI,150000.00,-1.01,0.40,-1.010100007,1.00,-1.01,-1.01
21MARCH2023,,20240528 110018,11,120,,Y,150000.00,-1.01,0.40,-1.010100007,0.00,1.00,0.00
21MARCH2023,,20240528 110018,11,120,,GUI,150000.00,-1.01,0.40,-1.010100007,1.00,-1.01,-1.01
21MARCH2023,,20240528 110018,12,122,,Y,150000.00,-1.01,0.40,-1.010100007,0.00,1.00,0.00
21MARCH2023,,20240528 110018,12,122,,GUI,150000.00,-1.01,0.40,-1.010100007,1.00,-1.01,-1.01
21MARCH2023,,20240528 110018,13,130,,Y,150000.00,-1.01,0.40,-1.010100007,0.00,1.00,0.00
21MARCH2023,,20240528 110018,13,130,,GUI,150000.00,-1.01,0.40,-1.010100007,1.00,-1.01,-1.01
21MARCH2023,,20240528 110018,14,160,,Y,150000.00,-1.01,0.40,-1.010100007,0.00,1.00,0.00
21MARCH2023,,20240528 110018,14,160,,GUI,150000.00,-1.01,0.40,-1.010100007,1.00,-1.01,-1.01
21MARCH2023,,20240528 110018,15,190,,Y,150000.00,-1.01,0.40,-1.010100007,0.00,1.00,0.00
21MARCH2023,,20240528 110018,15,190,,GUI,150000.00,-1.01,0.40,-1.010100007,1.00,-1.01,-1.01
21MARCH2023,,20240528 110018,16,200,,Y,150000.00,-1.01,0.40,-1.010100007,0.00,1.00,0.00
21MARCH2023,,20240528 110018,16,200,,GUI,150000.00,-1.01,0.40,-1.010100007,1.00,-1.01,-1.01
21MARCH2023,,20240528 110018,17,220,,Y,150000.00,-1.01,0.40,-1.010100007,0.00,1.00,0.00
21MARCH2023,,20240528 110018,17,220,,GUI,150000.00,-1.01,0.40,-1.010100007,1.00,-1.01,-1.01
21MARCH2023,,20240528 110018,18,249,,ANC,-1.01,-1.01,-1.01,250,-1.01,-1.01,-1.01
21MARCH2023,,20240528 110018,19,298,,+Y,275000.00,-1.01,0.10,-1.010100007,0.00,1.00,0.00
21MARCH2023,,20240528 110018,19,298,,GUI,275000.00,16.00,0.40,-1.010100007,1.00,-1.01,-1.01
21MARCH2023,,20240528 110018,20,300,,+Y,275000.00,-1.01,0.10,-1.010100007,0.00,1.00,0.00
21MARCH2023,,20240528 110018,20,300,,GUI,275000.00,16.00,0.40,-1.010100007,1.00,-1.01,-1.01
21MARCH2023,,20240528 110018,21,301,,+Y,275000.00,-1.01,0.10,-1.010100007,0.00,1.00,0.00
21MARCH2023,,20240528 110018,21,301,,GUI,275000.00,16.00,0.40,-1.010100007,1.00,-1.01,-1.01
21MARCH2023,,20240528 110018,22,302,,+Y,275000.00,-1.01,0.10,-1.010100007,0.00,1.00,0.00
21MARCH2023,,20240528 110018,22,302,,GUI,275000.00,16.00,0.40,-1.010100007,1.00,-1.01,-1.01
21MARCH2023,,20240528 110018,23,304,,+Y,275000.00,-1.01,0.10,-1.010100007,0.00,1.00,0.00
21MARCH2023,,20240528 110018,23,304,,GUI,275000.00,16.25,0.40,-1.010100007,1.00,-1.01,-1.01
21MARCH2023,,20240528 110018,24,305,,+Y,275000.00,-1.01,0.40,-1.010100007,0.00,1.00,0.00
21MARCH2023,,20240528 110018,24,305,,GUI,275000.00,16.25,0.40,-1.010100007,1.00,-1.01,-1.01
21MARCH2023,,20240528 110018,25,365,,+Y,-1.01,-1.01,0.10,-1.010100007,0.00,1.00,0.00
21MARCH2023,,20240528 110018,25,365,,GUI,-1.01,-1.01,0.10,-1.010100007,1.00,-1.01,-1.01
21MARCH2023,,20240528 110018,26,380,,+Y,-1.01,-1.01,-1.01,-1.010100007,0.00,1.00,0.00
21MARCH2023,,20240528 110018,27,390,,+Y,-1.01,-1.01,-1.01,-1.010100007,0.00,1.00,0.00
21MARCH2023,,20240528 110018,28,395,,+Y,-1.01,-1.01,-1.01,-1.010100007,0.00,1.00,0.00
21MARCH2023,,20240528 110018,28,395,,GUI,-1.01,-1.01,-1.01,-1.010100007,1.00,-1.01,-1.01
21MARCH2023,,20240528 110018,29,495,,+Y,-1.01,-1.01,-1.01,-1.010100007,0.00,1.00,0.00
21MARCH2023,,20240528 110018,29,495,,GUI,-1.01,-1.01,-1.01,-1.010100007,1.00,-1.01,-1.01
21MARCH2023,,20240528 110018,30,498,,+Y,-1.01,-1.01,-1.01,-1.010100007,0.00,1.00,0.00
21MARCH2023,,20240528 110018,30,498,,GUI,-1.01,-1.01,-1.01,-1.010100007,1.00,-1.01,-1.01
21MARCH2023,,20240528 110018,31,499,,+Y,-1.01,-1.01,-1.01,-1.010100007,0.00,1.00,0.00
21MARCH2023,,20240528 110018,31,499,,GUI,-1.01,-1.01,-1.01,-1.010100007,1.00,-1.01,-1.01
21MARCH2023,,20240528 110018,32,500,,+Y,-1.01,-1.01,-1.01,-1.010100007,0.00,1.00,0.00
21MARCH2023,,20240528 110018,32,500,,GUI,-1.01,-1.01,-1.01,-1.010100007,1.00,-1.01,-1.01
21MARCH2023,,20240528 110018,33,505,,+Y,-1.01,-1.01,-1.01,-1.010100007,0.00,1.00,0.00
21MARCH2023,,20240528 110018,34,515,,+Y,-1.01,-1.01,-1.01,-1.010100007,0.00,1.00,0.00
21MARCH2023,,20240528 110018,35,520,,+Y,-1.01,-1.01,-1.01,-1.010100007,0.00,1.00,0.00
21MARCH2023,,20240528 110018,36,533,,+Y,-1.01,-1.01,-1.01,-1.010100007,0.00,1.00,0.00
21MARCH2023,,20240528 110018,37,540,,+Y,-1.01,-1.01,-1.01,-1.010100007,0.00,1.00,0.00
21MARCH2023,,20240528 110018,38,545,,+Y,-1.01,-1.01,-1.01,-1.010100007,0.00,1.00,0.00
21MARCH2023,,20240528 110018,39,550,,+Y,-1.01,-1.01,-1.01,-1.010100007,0.00,1.00,0.00
21MARCH2023,,20240528 110018,40,555,,+Y,-1.01,-1.01,-1.01,-1.010100007,0.00,1.00,0.00
21MARCH2023,,20240528 110018,40,555,,GUI,-1.01,-1.01,-1.01,-1.010100007,1.00,-1.01,-1.01
21MARCH2023,,20240528 110018,41,560,,+Y,-1.01,-1.01,-1.01,-1.010100007,0.00,1.00,0.00
21MARCH2023,,20240528 110018,42,565,,+Y,-1.01,-1.01,-1.01,-1.010100007,0.00,1.00,0.00
21MARCH2023,,20240528 110018,43,570,,+Y,-1.01,-1.01,-1.01,-1.010100007,0.00,1.00,0.00
21MARCH2023,,20240528 110018,44,585,,+Y,-1.01,-1.01,-1.01,-1.010100007,0.00,1.00,0.00
21MARCH2023,,20240528 110018,45,590,,+Y,-1.01,-1.01,-1.01,-1.010100007,0.00,1.00,0.00
21MARCH2023,,20240528 110018,46,595,,+Y,-1.01,-1.01,-1.01,-1.010100007,0.00,1.00,0.00
21MARCH2023,,20240528 110018,46,595,,GUI,-1.01,-1.01,-1.01,-1.010100007,1.00,-1.01,-1.01
21MARCH2023,,20240528 110018,47,600,,+Y,-1.01,-1.01,-1.01,-1.010100007,0.00,1.00,0.00
21MARCH2023,,20240528 110018,48,605,,+Y,-1.01,-1.01,-1.01,-1.010100007,0.00,1.00,0.00
21MARCH2023,,20240528 110018,49,610,,+Y,-1.01,-1.01,-1.01,-1.010100007,0.00,1.00,0.00
21MARCH2023,,20240528 110018,50,615,,+Y,-1.01,-1.01,-1.01,-1.010100007,0.00,1.00,0.00
21MARCH2023,,20240528 110018,51,620,,+Y,-1.01,-1.01,-1.01,-1.010100007,0.00,1.00,0.00
21MARCH2023,,20240528 110018,52,625,,+Y,-1.01,-1.01,-1.01,-1.010100007,0.00,1.00,0.00
21MARCH2023,,20240528 110018,52,625,,GUI,-1.01,-1.01,-1.01,-1.010100007,1.00,-1.01,-1.01
21MARCH2023,,20240528 110018,53,630,,+Y,-1.01,-1.01,-1.01,-1.010100007,0.00,1.00,0.00
21MARCH2023,,20240528 110018,54,631,,+Y,-1.01,-1.01,-1.01,-1.010100007,0.00,1.00,0.00
21MARCH2023,,20240528 110018,55,632,,+Y,-1.01,-1.01,-1.01,-1.010100007,0.00,1.00,0.00
21MARCH2023,,20240528 110018,56,633,,+Y,-1.01,-1.01,-1.01,-1.010100007,0.00,1.00,0.00
21MARCH2023,,20240528 110018,57,634,,+Y,-1.01,-1.01,-1.01,-1.010100007,0.00,1.00,0.00
21MARCH2023,,20240528 110018,57,634,,GUI,-1.01,-1.01,-1.01,-1.010100007,1.00,-1.01,-1.01
21MARCH2023,,20240528 110018,58,635,,+Y,-1.01,-1.01,-1.01,-1.010100007,0.00,1.00,0.00
21MARCH2023,,20240528 110018,59,636,,+Y,-1.01,-1.01,-1.01,-1.010100007,0.00,1.00,0.00
21MARCH2023,,20240528 110018,60,637,,+Y,-1.01,-1.01,-1.01,-1.010100007,0.00,1.00,0.00
21MARCH2023,,20240528 110018,61,638,,+Y,-1.01,-1.01,-1.01,-1.010100007,0.00,1.00,0.00
21MARCH2023,,20240528 110018,62,639,,+Y,-1.01,-1.01,-1.01,-1.010100007,0.00,1.00,0.00
21MARCH2023,,20240528 110018,62,639,,GUI,-1.01,-1.01,-1.01,-1.010100007,1.00,-1.01,-1.01
21MARCH2023,,20240528 110018,76,640,,+Y,-1.01,-1.01,-1.01,-1.010100007,0.00,1.00,0.00
21MARCH2023,,20240528 110018,63,641,,+Y,-1.01,-1.01,-1.01,-1.010100007,0.00,1.00,0.00
21MARCH2023,,20240528 110018,64,642,,+Y,-1.01,-1.01,-1.01,-1.010100007,0.00,1.00,0.00
21MARCH2023,,20240528 110018,65,643,,+Y,-1.01,-1.01,-1.01,-1.010100007,0.00,1.00,0.00
21MARCH2023,,20240528 110018,66,644,,+Y,-1.01,-1.01,-1.01,-1.010100007,0.00,1.00,0.00
21MARCH2023,,20240528 110018,67,645,,+Y,-1.01,-1.01,-1.01,-1.010100007,0.00,1.00,0.00
21MARCH2023,,20240528 110018,67,645,,GUI,-1.01,-1.01,-1.01,-1.010100007,1.00,-1.01,-1.01
21MARCH2023,,20240528 110018,68,646,,+Y,-1.01,-1.01,-1.01,-1.010100007,0.00,1.00,0.00
21MARCH2023,,20240528 110018,69,647,,+Y,-1.01,-1.01,-1.01,-1.010100007,0.00,1.00,0.00
21MARCH2023,,20240528 110018,70,648,,+Y,-1.01,-1.01,-1.01,-1.010100007,0.00,1.00,0.00
21MARCH2023,,20240528 110018,71,649,,+Y,-1.01,-1.01,-1.01,-1.010100007,0.00,1.00,0.00
21MARCH2023,,20240528 110018,72,651,,+Y,-1.01,-1.01,-1.01,-1.010100007,0.00,1.00,0.00
21MARCH2023,,20240528 110018,72,651,,GUI,-1.01,-1.01,-1.01,-1.010100007,1.00,-1.01,-1.01
21MARCH2023,,20240528 110018,73,652,,+Y,-1.01,-1.01,-1.01,-1.010100007,0.00,1.00,0.00
21MARCH2023,,20240528 110018,74,653,,+Y,-1.01,-1.01,-1.01,-1.010100007,0.00,1.00,0.00
21MARCH2023,,20240528 110018,75,654,,+Y,-1.01,-1.01,-1.01,-1.010100007,0.00,1.00,0.00
21MARCH2023,,20240528 110018,77,655,,+Y,-1.01,-1.01,-1.01,-1.010100007,0.00,1.00,0.00
21MARCH2023,,20240528 110018,77,655,,GUI,-1.01,-1.01,-1.01,-1.010100007,1.00,-1.01,-1.01
21MARCH2023,,20240528 110018,78,660,,+Y,-1.01,-1.01,-1.01,-1.010100007,0.00,1.00,0.00
21MARCH2023,,20240528 110018,79,665,,+Y,-1.01,-1.01,-1.01,-1.010100007,0.00,1.00,0.00
21MARCH2023,,20240528 110018,80,670,,+Y,-1.01,-1.01,-1.01,-1.010100007,0.00,1.00,0.00
21MARCH2023,,20240528 110018,80,670,,GUI,-1.01,-1.01,-1.01,-1.010100007,1.00,-1.01,-1.01
21MARCH2023,,20240528 110018,81,685,,+Y,-1.01,-1.01,-1.01,-1.010100007,0.00,1.00,0.00
21MARCH2023,,20240528 110018,82,690,,+Y,-1.01,-1.01,-1.01,-1.010100007,0.00,1.00,0.00
21MARCH2023,,20240528 110018,83,695,,+Y,-1.01,-1.01,-1.01,-1.010100007,0.00,1.00,0.00
21MARCH2023,,20240528 110018,84,700,,+Y,-1.01,-1.01,-1.01,-1.010100007,0.00,1.00,0.00
21MARCH2023,,20240528 110018,85,701,,+Y,-1.01,-1.01,-1.01,-1.010100007,0.00,1.00,0.00
21MARCH2023,,20240528 110018,86,702,,+Y,-1.01,-1.01,-1.01,-1.010100007,0.00,1.00,0.00
21MARCH2023,,20240528 110018,87,703,,+Y,-1.01,-1.01,-1.01,-1.010100007,0.00,1.00,0.00
21MARCH2023,,20240528 110018,87,703,,GUI,-1.01,-1.01,-1.01,-1.010100007,1.00,-1.01,-1.01
21MARCH2023,,20240528 110018,88,704,,+Y,-1.01,-1.01,-1.01,-1.010100007,0.00,1.00,0.00
21MARCH2023,,20240528 110018,89,705,,+Y,-1.01,-1.01,-1.01,-1.010100007,0.00,1.00,0.00
21MARCH2023,,20240528 110018,90,706,,+Y,-1.01,-1.01,-1.01,-1.010100007,0.00,1.00,0.00
21MARCH2023,,20240528 110018,91,710,,+Y,-1.01,-1.01,-1.01,-1.010100007,0.00,1.00,0.00
21MARCH2023,,20240528 110018,91,710,,GUI,-1.01,-1.01,-1.01,-1.010100007,1.00,-1.01,-1.01
21MARCH2023,,20240528 110018,92,720,,+Y,-1.01,-1.01,-1.01,-1.010100007,0.00,1.00,0.00
21MARCH2023,,20240528 110018,93,721,,+Y,-1.01,-1.01,-1.01,-1.010100007,0.00,1.00,0.00
21MARCH2023,,20240528 110018,94,722,,+Y,-1.01,-1.01,-1.01,-1.010100007,0.00,1.00,0.00
21MARCH2023,,20240528 110018,95,723,,+Y,-1.01,-1.01,-1.01,-1.010100007,0.00,1.00,0.00
21MARCH2023,,20240528 110018,96,724,,+Y,-1.01,-1.01,-1.01,-1.010100007,0.00,1.00,0.00
21MARCH2023,,20240528 110018,97,725,,+Y,-1.01,-1.01,-1.01,-1.010100007,0.00,1.00,0.00
21MARCH2023,,20240528 110018,97,725,,GUI,-1.01,-1.01,-1.01,-1.010100007,1.00,-1.01,-1.01
21MARCH2023,,20240528 110018,98,726,,+Y,-1.01,-1.01,-1.01,-1.010100007,0.00,1.00,0.00
21MARCH2023,,20240528 110018,99,727,,+Y,-1.01,-1.01,-1.01,-1.010100007,0.00,1.00,0.00
21MARCH2023,,20240528 110018,100,728,,+Y,-1.01,-1.01,-1.01,-1.010100007,0.00,1.00,0.00
21MARCH2023,,20240528 110018,101,729,,+Y,-1.01,-1.01,-1.01,-1.010100007,0.00,1.00,0.00
21MARCH2023,,20240528 110018,102,730,,+Y,-1.01,-1.01,-1.01,-1.010100007,0.00,1.00,0.00
21MARCH2023,,20240528 110018,102,730,,GUI,-1.01,-1.01,-1.01,-1.010100007,1.00,-1.01,-1.01
21MARCH2023,,20240528 110018,103,735,,+Y,-1.01,-1.01,-1.01,-1.010100007,0.00,1.00,0.00
21MARCH2023,,20240528 110018,104,745,,+Y,-1.01,-1.01,-1.01,-1.010100007,0.00,1.00,0.00
21MARCH2023,,20240528 110018,105,747,,+Y,-1.01,-1.01,-1.01,-1.010100007,0.00,1.00,0.00
21MARCH2023,,20240528 110018,106,750,,+Y,-1.01,-1.01,-1.01,-1.010100007,0.00,1.00,0.00
21MARCH2023,,20240528 110018,107,755,,+Y,-1.01,-1.01,-1.01,-1.010100007,0.00,1.00,0.00
21MARCH2023,,20240528 110018,107,755,,GUI,-1.01,-1.01,-1.01,-1.010100007,1.00,-1.01,-1.01
21MARCH2023,,20240528 110018,108,760,,+Y,-1.01,-1.01,-1.01,-1.010100007,0.00,1.00,0.00
21MARCH2023,,20240528 110018,109,765,,+Y,-1.01,-1.01,-1.01,-1.010100007,0.00,1.00,0.00
21MARCH2023,,20240528 110018,110,780,,+Y,-1.01,-1.01,-1.01,-1.010100007,0.00,1.00,0.00
21MARCH2023,,20240528 110018,111,785,,+Y,-1.01,-1.01,-1.01,-1.010100007,0.00,1.00,0.00
21MARCH2023,,20240528 110018,112,790,,+Y,-1.01,-1.01,-1.01,-1.010100007,0.00,1.00,0.00
21MARCH2023,,20240528 110018,112,790,,GUI,-1.01,-1.01,-1.01,-1.010100007,1.00,-1.01,-1.01
21MARCH2023,,20240528 110018,113,795,,+Y,-1.01,-1.01,-1.01,-1.010100007,0.00,1.00,0.00
21MARCH2023,,20240528 110018,113,795,,GUI,-1.01,-1.01,-1.01,-1.010100007,1.00,-1.01,-1.01
21MARCH2023,,20240528 110018,114,800,,+Y,-1.01,-1.01,-1.01,-1.010100007,0.00,1.00,0.00
21MARCH2023,,20240528 110018,115,805,,+Y,-1.01,-1.01,-1.01,-1.010100007,0.00,1.00,0.00
21MARCH2023,,20240528 110018,116,810,,+Y,-1.01,-1.01,-1.01,-1.010100007,0.00,1.00,0.00
21MARCH2023,,20240528 110018,117,815,,+Y,-1.01,-1.01,-1.01,-1.010100007,0.00,1.00,0.00
21MARCH2023,,20240528 110018,117,815,,GUI,-1.01,-1.01,-1.01,-1.010100007,1.00,-1.01,-1.01
21MARCH2023,,20240528 110018,118,817,,+Y,-1.01,-1.01,-1.01,-1.010100007,0.00,1.00,0.00
21MARCH2023,,20240528 110018,119,818,,+Y,-1.01,-1.01,-1.01,-1.010100007,0.00,1.00,0.00
21MARCH2023,,20240528 110018,120,840,,+Y,-1.01,-1.01,-1.01,-1.010100007,0.00,1.00,0.00
21MARCH2023,,20240528 110018,121,860,,+Y,-1.01,-1.01,-1.01,-1.010100007,0.00,1.00,0.00
21MARCH2023,,20240528 110018,122,880,,+Y,-1.01,-1.01,-1.01,-1.010100007,0.00,1.00,0.00
21MARCH2023,,20240528 110018,122,880,,GUI,-1.01,-1.01,-1.01,-1.010100007,1.00,-1.01,-1.01
21MARCH2023,,20240528 110018,123,900,,+Y,-1.01,-1.01,-1.01,-1.010100007,0.00,1.00,0.00
21MARCH2023,,20240528 110018,124,920,,+Y,-1.01,-1.01,-1.01,-1.010100007,0.00,1.00,0.00
21MARCH2023,,20240528 110018,125,930,,+Y,-1.01,-1.01,-1.01,-1.010100007,0.00,1.00,0.00
21MARCH2023,,20240528 110018,126,931,,+Y,-1.01,-1.01,-1.01,-1.010100007,0.00,1.00,0.00
21MARCH2023,,20240528 110018,127,932,,+Y,-1.01,-1.01,-1.01,-1.010100007,0.00,1.00,0.00
21MARCH2023,,20240528 110018,127,932,,GUI,-1.01,-1.01,-1.01,-1.010100007,1.00,-1.01,-1.01
21MARCH2023,,20240528 110018,128,933,,+Y,-1.01,-1.01,-1.01,-1.010100007,0.00,1.00,0.00
21MARCH2023,,20240528 110018,129,934,,+Y,-1.01,-1.01,-1.01,-1.010100007,0.00,1.00,0.00
21MARCH2023,,20240528 110018,130,935,,+Y,-1.01,-1.01,-1.01,-1.010100007,0.00,1.00,0.00
21MARCH2023,,20240528 110018,131,936,,+Y,-1.01,-1.01,-1.01,-1.010100007,0.00,1.00,0.00
21MARCH2023,,20240528 110018,132,937,,+Y,-1.01,-1.01,-1.01,-1.010100007,0.00,1.00,0.00
21MARCH2023,,20240528 110018,132,937,,GUI,-1.01,-1.01,-1.01,-1.010100007,1.00,-1.01,-1.01
21MARCH2023,,20240528 110018,133,938,,+Y,-1.01,-1.01,-1.01,-1.010100007,0.00,1.00,0.00
21MARCH2023,,20240528 110018,134,939,,+Y,-1.01,-1.01,-1.01,-1.010100007,0.00,1.00,0.00
21MARCH2023,,20240528 110018,212,940,,+Y,-1.01,-1.01,-1.01,-1.010100007,0.00,1.00,0.00
21MARCH2023,,20240528 110018,212,940,,GUI,-1.01,-1.01,-1.01,-1.010100007,1.00,-1.01,-1.01
21MARCH2023,,20240528 110018,135,941,,+Y,-1.01,-1.01,-1.01,-1.010100007,0.00,1.00,0.00
21MARCH2023,,20240528 110018,136,942,,+Y,-1.01,-1.01,-1.01,-1.010100007,0.00,1.00,0.00
21MARCH2023,,20240528 110018,137,943,,+Y,-1.01,-1.01,-1.01,-1.010100007,0.00,1.00,0.00
21MARCH2023,,20240528 110018,137,943,,GUI,-1.01,-1.01,-1.01,-1.010100007,1.00,-1.01,-1.01
21MARCH2023,,20240528 110018,138,944,,+Y,-1.01,-1.01,-1.01,-1.010100007,0.00,1.00,0.00
21MARCH2023,,20240528 110018,139,945,,+Y,-1.01,-1.01,-1.01,-1.010100007,0.00,1.00,0.00
21MARCH2023,,20240528 110018,140,946,,+Y,-1.01,-1.01,-1.01,-1.010100007,0.00,1.00,0.00
21MARCH2023,,20240528 110018,141,947,,+Y,-1.01,-1.01,-1.01,-1.010100007,0.00,1.00,0.00
21MARCH2023,,20240528 110018,142,948,,+Y,-1.01,-1.01,-1.01,-1.010100007,0.00,1.00,0.00
21MARCH2023,,20240528 110018,142,948,,GUI,-1.01,-1.01,-1.01,-1.010100007,1.00,-1.01,-1.01
21MARCH2023,,20240528 110018,143,949,,+Y,-1.01,-1.01,-1.01,-1.010100007,0.00,1.00,0.00
21MARCH2023,,20240528 110018,144,951,,+Y,-1.01,-1.01,-1.01,-1.010100007,0.00,1.00,0.00
21MARCH2023,,20240528 110018,145,952,,+Y,-1.01,-1.01,-1.01,-1.010100007,0.00,1.00,0.00
21MARCH2023,,20240528 110018,146,953,,+Y,-1.01,-1.01,-1.01,-1.010100007,0.00,1.00,0.00
21MARCH2023,,20240528 110018,147,954,,+Y,-1.01,-1.01,-1.01,-1.010100007,0.00,1.00,0.00
21MARCH2023,,20240528 110018,147,954,,GUI,-1.01,-1.01,-1.01,-1.010100007,1.00,-1.01,-1.01
21MARCH2023,,20240528 110018,148,955,,+Y,-1.01,-1.01,-1.01,-1.010100007,0.00,1.00,0.00
21MARCH2023,,20240528 110018,149,956,,+Y,-1.01,-1.01,-1.01,-1.010100007,0.00,1.00,0.00
21MARCH2023,,20240528 110018,150,957,,+Y,-1.01,-1.01,-1.01,-1.010100007,0.00,1.00,0.00
21MARCH2023,,20240528 110018,151,958,,+Y,-1.01,-1.01,-1.01,-1.010100007,0.00,1.00,0.00
21MARCH2023,,20240528 110018,152,959,,+Y,-1.01,-1.01,-1.01,-1.010100007,0.00,1.00,0.00
21MARCH2023,,20240528 110018,152,959,,GUI,-1.01,-1.01,-1.01,-1.010100007,1.00,-1.01,-1.01
21MARCH2023,,20240528 110018,153,961,,+Y,-1.01,-1.01,-1.01,-1.010100007,0.00,1.00,0.00
21MARCH2023,,20240528 110018,154,962,,+Y,-1.01,-1.01,-1.01,-1.010100007,0.00,1.00,0.00
21MARCH2023,,20240528 110018,155,963,,+Y,-1.01,-1.01,-1.01,-1.010100007,0.00,1.00,0.00
21MARCH2023,,20240528 110018,156,964,,+Y,-1.01,-1.01,-1.01,-1.010100007,0.00,1.00,0.00
21MARCH2023,,20240528 110018,157,965,,+Y,-1.01,-1.01,-1.01,-1.010100007,0.00,1.00,0.00
21MARCH2023,,20240528 110018,157,965,,GUI,-1.01,-1.01,-1.01,-1.010100007,1.00,-1.01,-1.01
21MARCH2023,,20240528 110018,158,966,,+Y,-1.01,-1.01,-1.01,-1.010100007,0.00,1.00,0.00
21MARCH2023,,20240528 110018,159,967,,+Y,-1.01,-1.01,-1.01,-1.010100007,0.00,1.00,0.00
21MARCH2023,,20240528 110018,160,968,,+Y,-1.01,-1.01,-1.01,-1.010100007,0.00,1.00,0.00
21MARCH2023,,20240528 110018,161,969,,+Y,-1.01,-1.01,-1.01,-1.010100007,0.00,1.00,0.00
21MARCH2023,,20240528 110018,213,970,,+Y,-1.01,-1.01,-1.01,-1.010100007,0.00,1.00,0.00
21MARCH2023,,20240528 110018,162,971,,+Y,-1.01,-1.01,-1.01,-1.010100007,0.00,1.00,0.00
21MARCH2023,,20240528 110018,162,971,,GUI,-1.01,-1.01,-1.01,-1.010100007,1.00,-1.01,-1.01
21MARCH2023,,20240528 110018,163,972,,+Y,-1.01,-1.01,-1.01,-1.010100007,0.00,1.00,0.00
21MARCH2023,,20240528 110018,164,973,,+Y,-1.01,-1.01,-1.01,-1.010100007,0.00,1.00,0.00
21MARCH2023,,20240528 110018,165,974,,+Y,-1.01,-1.01,-1.01,-1.010100007,0.00,1.00,0.00
21MARCH2023,,20240528 110018,166,975,,+Y,-1.01,-1.01,-1.01,-1.010100007,0.00,1.00,0.00
21MARCH2023,,20240528 110018,167,976,,+Y,-1.01,-1.01,-1.01,-1.010100007,0.00,1.00,0.00
21MARCH2023,,20240528 110018,167,976,,GUI,-1.01,-1.01,-1.01,-1.010100007,1.00,-1.01,-1.01
21MARCH2023,,20240528 110018,168,977,,+Y,-1.01,-1.01,-1.01,-1.010100007,0.00,1.00,0.00
21MARCH2023,,20240528 110018,169,978,,+Y,-1.01,-1.01,-1.01,-1.010100007,0.00,1.00,0.00
21MARCH2023,,20240528 110018,170,979,,+Y,-1.01,-1.01,-1.01,-1.010100007,0.00,1.00,0.00
21MARCH2023,,20240528 110018,171,981,,+Y,-1.01,-1.01,-1.01,-1.010100007,0.00,1.00,0.00
21MARCH2023,,20240528 110018,172,982,,+Y,-1.01,-1.01,-1.01,-1.010100007,0.00,1.00,0.00
21MARCH2023,,20240528 110018,172,982,,GUI,-1.01,-1.01,-1.01,-1.010100007,1.00,-1.01,-1.01
21MARCH2023,,20240528 110018,173,983,,+Y,-1.01,-1.01,-1.01,-1.010100007,0.00,1.00,0.00
21MARCH2023,,20240528 110018,174,984,,+Y,-1.01,-1.01,-1.01,-1.010100007,0.00,1.00,0.00
21MARCH2023,,20240528 110018,175,985,,+Y,-1.01,-1.01,-1.01,-1.010100007,0.00,1.00,0.00
21MARCH2023,,20240528 110018,176,986,,+Y,-1.01,-1.01,-1.01,-1.010100007,0.00,1.00,0.00
21MARCH2023,,20240528 110018,177,987,,+Y,-1.01,-1.01,-1.01,-1.010100007,0.00,1.00,0.00
21MARCH2023,,20240528 110018,177,987,,GUI,-1.01,-1.01,-1.01,-1.010100007,1.00,-1.01,-1.01
21MARCH2023,,20240528 110018,178,988,,+Y,-1.01,-1.01,-1.01,-1.010100007,0.00,1.00,0.00
21MARCH2023,,20240528 110018,179,989,,+Y,-1.01,-1.01,-1.01,-1.010100007,0.00,1.00,0.00
21MARCH2023,,20240528 110018,214,990,,+Y,-1.01,-1.01,-1.01,-1.010100007,0.00,1.00,0.00
21MARCH2023,,20240528 110018,180,991,,+Y,-1.01,-1.01,-1.01,-1.010100007,0.00,1.00,0.00
21MARCH2023,,20240528 110018,181,992,,+Y,-1.01,-1.01,-1.01,-1.010100007,0.00,1.00,0.00
21MARCH2023,,20240528 110018,182,993,,+Y,-1.01,-1.01,-1.01,-1.010100007,0.00,1.00,0.00
21MARCH2023,,20240528 110018,182,993,,GUI,-1.01,-1.01,-1.01,-1.010100007,1.00,-1.01,-1.01
21MARCH2023,,20240528 110018,183,994,,+Y,-1.01,-1.01,-1.01,-1.010100007,0.00,1.00,0.00
21MARCH2023,,20240528 110018,184,995,,+Y,-1.01,-1.01,-1.01,-1.010100007,0.00,1.00,0.00
21MARCH2023,,20240528 110018,185,996,,+Y,-1.01,-1.01,-1.01,-1.010100007,0.00,1.00,0.00
21MARCH2023,,20240528 110018,186,997,,+Y,-1.01,-1.01,-1.01,-1.010100007,0.00,1.00,0.00
21MARCH2023,,20240528 110018,187,998,,+Y,-1.01,-1.01,-1.01,-1.010100007,0.00,1.00,0.00
21MARCH2023,,20240528 110018,187,998,,GUI,-1.01,-1.01,-1.01,-1.010100007,1.00,-1.01,-1.01
21MARCH2023,,20240528 110018,188,999,,+Y,-1.01,-1.01,-1.01,-1.010100007,0.00,1.00,0.00
21MARCH2023,,20240528 110018,189,1001,,+Y,-1.01,-1.01,-1.01,-1.010100007,0.00,1.00,0.00
21MARCH2023,,20240528 110018,190,1002,,+Y,-1.01,-1.01,-1.01,-1.010100007,0.00,1.00,0.00
21MARCH2023,,20240528 110018,191,1003,,+Y,-1.01,-1.01,-1.01,-1.010100007,0.00,1.00,0.00
21MARCH2023,,20240528 110018,192,1004,,+Y,-1.01,-1.01,-1.01,-1.010100007,0.00,1.00,0.00
21MARCH2023,,20240528 110018,192,1004,,GUI,-1.01,-1.01,-1.01,-1.010100007,1.00,-1.01,-1.01
21MARCH2023,,20240528 110018,193,1005,,+Y,-1.01,-1.01,-1.01,-1.010100007,0.00,1.00,0.00
21MARCH2023,,20240528 110018,194,1006,,+Y,-1.01,-1.01,-1.01,-1.010100007,0.00,1.00,0.00
21MARCH2023,,20240528 110018,195,1007,,+Y,-1.01,-1.01,-1.01,-1.010100007,0.00,1.00,0.00
21MARCH2023,,20240528 110018,196,1008,,+Y,-1.01,-1.01,-1.01,-1.010100007,0.00,1.00,0.00
21MARCH2023,,20240528 110018,197,1009,,+Y,-1.01,-1.01,-1.01,-1.010100007,0.00,1.00,0.00
21MARCH2023,,20240528 110018,197,1009,,GUI,-1.01,-1.01,-1.01,-1.010100007,1.00,-1.01,-1.01
21MARCH2023,,20240528 110018,215,1010,,+Y,-1.01,-1.01,-1.01,-1.010100007,0.00,1.00,0.00
21MARCH2023,,20240528 110018,198,1011,,+Y,-1.01,-1.01,-1.01,-1.010100007,0.00,1.00,0.00
21MARCH2023,,20240528 110018,199,1012,,+Y,-1.01,-1.01,-1.01,-1.010100007,0.00,1.00,0.00
21MARCH2023,,20240528 110018,200,1013,,+Y,-1.01,-1.01,-1.01,-1.010100007,0.00,1.00,0.00
21MARCH2023,,20240528 110018,201,1014,,+Y,-1.01,-1.01,-1.01,-1.010100007,0.00,1.00,0.00
21MARCH2023,,20240528 110018,202,1015,,+Y,-1.01,-1.01,-1.01,-1.010100007,0.00,1.00,0.00
21MARCH2023,,20240528 110018,202,1015,,GUI,-1.01,-1.01,-1.01,-1.010100007,1.00,-1.01,-1.01
21MARCH2023,,20240528 110018,203,1016,,+Y,-1.01,-1.01,-1.01,-1.010100007,0.00,1.00,0.00
21MARCH2023,,20240528 110018,204,1017,,+Y,-1.01,-1.01,-1.01,-1.010100007,0.00,1.00,0.00
21MARCH2023,,20240528 110018,205,1018,,+Y,-1.01,-1.01,-1.01,-1.010100007,0.00,1.00,0.00
21MARCH2023,,20240528 110018,206,1019,,+Y,-1.01,-1.01,-1.01,-1.010100007,0.00,1.00,0.00
21MARCH2023,,20240528 110018,207,1021,,+Y,-1.01,-1.01,-1.01,-1.010100007,0.00,1.00,0.00
21MARCH2023,,20240528 110018,207,1021,,GUI,-1.01,-1.01,-1.01,-1.010100007,1.00,-1.01,-1.01
21MARCH2023,,20240528 110018,208,1022,,+Y,-1.01,-1.01,-1.01,-1.010100007,0.00,1.00,0.00
21MARCH2023,,20240528 110018,209,1023,,+Y,-1.01,-1.01,-1.01,-1.010100007,0.00,1.00,0.00
21MARCH2023,,20240528 110018,210,1024,,+Y,-1.01,-1.01,-1.01,-1.010100007,0.00,1.00,0.00
21MARCH2023,,20240528 110018,211,1025,,+Y,-1.01,-1.01,-1.01,-1.010100007,0.00,1.00,0.00
21MARCH2023,,20240528 110018,216,1030,,+Y,-1.01,-1.01,-1.01,-1.010100007,0.00,1.00,0.00
21MARCH2023,,20240528 110018,217,1040,,+Y,-1.01,-1.01,-1.01,-1.010100007,0.00,1.00,0.00
21MARCH2023,,20240528 110018,217,1040,,GUI,-1.01,-1.01,-1.01,-1.010100007,1.00,-1.01,-1.01
21MARCH2023,,20240528 110018,218,1060,,+Y,-1.01,-1.01,-1.01,-1.010100007,0.00,1.00,0.00
21MARCH2023,,20240528 110018,219,1075,,+Y,-1.01,-1.01,-1.01,-1.010100007,0.00,1.00,0.00
21MARCH2023,,20240528 110018,220,1090,,+Y,-1.01,-1.01,-1.01,-1.010100007,0.00,1.00,0.00
21MARCH2023,,20240528 110018,221,1101,,+Y,-1.01,-1.01,-1.01,-1.010100007,0.00,1.00,0.00
21MARCH2023,,20240528 110018,222,1102,,+Y,-1.01,-1.01,-1.01,-1.010100007,0.00,1.00,0.00
21MARCH2023,,20240528 110018,222,1102,,GUI,-1.01,-1.01,-1.01,-1.010100007,1.00,-1.01,-1.01
21MARCH2023,,20240528 110018,223,1103,,+Y,-1.01,-1.01,-1.01,-1.010100007,0.00,1.00,0.00
21MARCH2023,,20240528 110018,224,1104,,+Y,-1.01,-1.01,-1.01,-1.010100007,0.00,1.00,0.00
21MARCH2023,,20240528 110018,225,1105,,+Y,-1.01,-1.01,-1.01,-1.010100007,0.00,1.00,0.00
21MARCH2023,,20240528 110018,226,1106,,+Y,-1.01,-1.01,-1.01,-1.010100007,0.00,1.00,0.00
21MARCH2023,,20240528 110018,227,1107,,+Y,-1.01,-1.01,-1.01,-1.010100007,0.00,1.00,0.00
21MARCH2023,,20240528 110018,227,1107,,GUI,-1.01,-1.01,-1.01,-1.010100007,1.00,-1.01,-1.01
21MARCH2023,,20240528 110018,228,1108,,+Y,-1.01,-1.01,-1.01,-1.010100007,0.00,1.00,0.00
21MARCH2023,,20240528 110018,229,1109,,+Y,-1.01,-1.01,-1.01,-1.010100007,0.00,1.00,0.00
21MARCH2023,,20240528 110018,252,1110,,+Y,-1.01,-1.01,-1.01,-1.010100007,0.00,1.00,0.00
21MARCH2023,,20240528 110018,252,1110,,GUI,-1.01,-1.01,-1.01,-1.010100007,1.00,-1.01,-1.01
21MARCH2023,,20240528 110018,230,1111,,+Y,-1.01,-1.01,-1.01,-1.010100007,0.00,1.00,0.00
21MARCH2023,,20240528 110018,231,1112,,+Y,-1.01,-1.01,-1.01,-1.010100007,0.00,1.00,0.00
21MARCH2023,,20240528 110018,232,1113,,+Y,-1.01,-1.01,-1.01,-1.010100007,0.00,1.00,0.00
21MARCH2023,,20240528 110018,232,1113,,GUI,-1.01,-1.01,-1.01,-1.010100007,1.00,-1.01,-1.01
21MARCH2023,,20240528 110018,233,1114,,+Y,-1.01,-1.01,-1.01,-1.010100007,0.00,1.00,0.00
21MARCH2023,,20240528 110018,234,1115,,+Y,-1.01,-1.01,-1.01,-1.010100007,0.00,1.00,0.00
21MARCH2023,,20240528 110018,235,1116,,+Y,-1.01,-1.01,-1.01,-1.010100007,0.00,1.00,0.00
21MARCH2023,,20240528 110018,236,1117,,+Y,-1.01,-1.01,-1.01,-1.010100007,0.00,1.00,0.00
21MARCH2023,,20240528 110018,237,1118,,+Y,-1.01,-1.01,-1.01,-1.010100007,0.00,1.00,0.00
21MARCH2023,,20240528 110018,237,1118,,GUI,-1.01,-1.01,-1.01,-1.010100007,1.00,-1.01,-1.01
21MARCH2023,,20240528 110018,238,1119,,+Y,-1.01,-1.01,-1.01,-1.010100007,0.00,1.00,0.00
21MARCH2023,,20240528 110018,239,1121,,+Y,-1.01,-1.01,-1.01,-1.010100007,0.00,1.00,0.00
21MARCH2023,,20240528 110018,240,1122,,+Y,-1.01,-1.01,-1.01,-1.010100007,0.00,1.00,0.00
21MARCH2023,,20240528 110018,241,1123,,+Y,-1.01,-1.01,-1.01,-1.010100007,0.00,1.00,0.00
21MARCH2023,,20240528 110018,242,1124,,+Y,-1.01,-1.01,-1.01,-1.010100007,0.00,1.00,0.00
21MARCH2023,,20240528 110018,242,1124,,GUI,-1.01,-1.01,-1.01,-1.010100007,1.00,-1.01,-1.01
21MARCH2023,,20240528 110018,243,1125,,+Y,-1.01,-1.01,-1.01,-1.010100007,0.00,1.00,0.00
21MARCH2023,,20240528 110018,244,1126,,+Y,-1.01,-1.01,-1.01,-1.010100007,0.00,1.00,0.00
21MARCH2023,,20240528 110018,245,1127,,+Y,-1.01,-1.01,-1.01,-1.010100007,0.00,1.00,0.00
21MARCH2023,,20240528 110018,246,1128,,+Y,-1.01,-1.01,-1.01,-1.010100007,0.00,1.00,0.00
21MARCH2023,,20240528 110018,247,1129,,+Y,-1.01,-1.01,-1.01,-1.010100007,0.00,1.00,0.00
21MARCH2023,,20240528 110018,247,1129,,GUI,-1.01,-1.01,-1.01,-1.010100007,1.00,-1.01,-1.01
21MARCH2023,,20240528 110018,248,1131,,+Y,-1.01,-1.01,-1.01,-1.010100007,0.00,1.00,0.00
21MARCH2023,,20240528 110018,249,1132,,+Y,-1.01,-1.01,-1.01,-1.010100007,0.00,1.00,0.00
21MARCH2023,,20240528 110018,250,1133,,+Y,-1.01,-1.01,-1.01,-1.010100007,0.00,1.00,0.00
21MARCH2023,,20240528 110018,251,1134,,+Y,-1.01,-1.01,-1.01,-1.010100007,0.00,1.00,0.00
21MARCH2023,,20240528 110018,253,1135,,+Y,-1.01,-1.01,-1.01,-1.010100007,0.00,1.00,0.00
21MARCH2023,,20240528 110018,254,1140,,+Y,-1.01,-1.01,-1.01,-1.010100007,0.00,1.00,0.00
21MARCH2023,,20240528 110018,255,1160,,+Y,-1.01,-1.01,-1.01,-1.010100007,0.00,1.00,0.00
21MARCH2023,,20240528 110018,256,1180,,+Y,-1.01,-1.01,-1.01,-1.010100007,0.00,1.00,0.00
21MARCH2023,,20240528 110018,257,1200,,+Y,-1.01,-1.01,-1.01,-1.010100007,0.00,1.00,0.00
21MARCH2023,,20240528 110018,257,1200,,GUI,-1.01,-1.01,-1.01,-1.010100007,1.00,-1.01,-1.01
21MARCH2023,,20240528 110018,258,1220,,+Y,-1.01,-1.01,-1.01,-1.010100007,0.00,1.00,0.00
21MARCH2023,,20240528 110018,259,1230,,ANC,-1.01,-1.01,-1.01,-1.010100007,-1.01,-1.01,-1.01
21MARCH2023,,20240528 110018,260,1240,,+Y,-1.01,-1.01,-1.01,-1.010100007,0.00,1.00,0.00
21MARCH2023,,20240528 110018,261,1260,,+Y,-1.01,-1.01,-1.01,-1.010100007,0.00,1.00,0.00
21MARCH2023,,20240528 110018,262,1280,,+Y,-1.01,-1.01,-1.01,-1.010100007,0.00,1.00,0.00
21MARCH2023,,20240528 110018,263,1300,,+Y,-1.01,-1.01,-1.01,-1.010100007,0.00,1.00,0.00
21MARCH2023,,20240528 110018,264,1320,,+Y,-1.01,-1.01,-1.01,-1.010100007,0.00,1.00,0.00
21MARCH2023,,20240528 110018,264,1320,,GUI,-1.01,-1.01,-1.01,-1.010100007,1.00,-1.01,-1.01
21MARCH2023,,20240528 110018,265,1340,,+Y,-1.01,-1.01,-1.01,-1.010100007,0.00,1.00,0.00
21MARCH2023,,20240528 110018,266,1360,,+Y,-1.01,-1.01,-1.01,-1.010100007,0.00,1.00,0.00
21MARCH2023,,20240528 110018,267,1380,,+Y,-1.01,-1.01,-1.01,-1.010100007,0.00,1.00,0.00
21MARCH2023,,20240528 110018,268,1395,,+Y,-1.01,-1.01,-1.01,-1.010100007,0.00,1.00,0.00
21MARCH2023,,20240528 110018,269,1410,,+Y,-1.01,-1.01,-1.01,-1.010100007,0.00,1.00,0.00
21MARCH2023,,20240528 110018,269,1410,,GUI,-1.01,-1.01,-1.01,-1.010100007,1.00,-1.01,-1.01
21MARCH2023,,20240528 110018,270,1430,,+Y,-1.01,-1.01,-1.01,-1.010100007,0.00,1.00,0.00
21MARCH2023,,20240528 110018,271,1450,,+Y,-1.01,-1.01,-1.01,-1.010100007,0.00,1.00,0.00
21MARCH2023,,20240528 110018,272,1451,,+Y,-1.01,-1.01,-1.01,-1.010100007,0.00,1.00,0.00
21MARCH2023,,20240528 110018,273,1452,,+Y,-1.01,-1.01,-1.01,-1.010100007,0.00,1.00,0.00
21MARCH2023,,20240528 110018,274,1453,,+Y,-1.01,-1.01,-1.01,-1.010100007,0.00,1.00,0.00
21MARCH2023,,20240528 110018,274,1453,,GUI,-1.01,-1.01,-1.01,-1.010100007,1.00,-1.01,-1.01
21MARCH2023,,20240528 110018,275,1454,,+Y,-1.01,-1.01,-1.01,-1.010100007,0.00,1.00,0.00
21MARCH2023,,20240528 110018,276,1455,,+Y,-1.01,-1.01,-1.01,-1.010100007,0.00,1.00,0.00
21MARCH2023,,20240528 110018,277,1456,,+Y,-1.01,-1.01,-1.01,-1.010100007,0.00,1.00,0.00
21MARCH2023,,20240528 110018,278,1457,,+Y,-1.01,-1.01,-1.01,-1.010100007,0.00,1.00,0.00
21MARCH2023,,20240528 110018,279,1458,,+Y,-1.01,-1.01,-1.01,-1.010100007,0.00,1.00,0.00
21MARCH2023,,20240528 110018,279,1458,,GUI,-1.01,-1.01,-1.01,-1.010100007,1.00,-1.01,-1.01
21MARCH2023,,20240528 110018,280,1459,,+Y,-1.01,-1.01,-1.01,-1.010100007,0.00,1.00,0.00
21MARCH2023,,20240528 110018,324,1460,,+Y,-1.01,-1.01,-1.01,-1.010100007,0.00,1.00,0.00
21MARCH2023,,20240528 110018,324,1460,,GUI,-1.01,-1.01,-1.01,-1.010100007,1.00,-1.01,-1.01
21MARCH2023,,20240528 110018,281,1461,,+Y,-1.01,-1.01,-1.01,-1.010100007,0.00,1.00,0.00
21MARCH2023,,20240528 110018,282,1462,,+Y,-1.01,-1.01,-1.01,-1.010100007,0.00,1.00,0.00
21MARCH2023,,20240528 110018,283,1463,,+Y,-1.01,-1.01,-1.01,-1.010100007,0.00,1.00,0.00
21MARCH2023,,20240528 110018,284,1464,,+Y,-1.01,-1.01,-1.01,-1.010100007,0.00,1.00,0.00
21MARCH2023,,20240528 110018,284,1464,,GUI,-1.01,-1.01,-1.01,-1.010100007,1.00,-1.01,-1.01
21MARCH2023,,20240528 110018,285,1465,,+Y,-1.01,-1.01,-1.01,-1.010100007,0.00,1.00,0.00
21MARCH2023,,20240528 110018,286,1466,,+Y,-1.01,-1.01,-1.01,-1.010100007,0.00,1.00,0.00
21MARCH2023,,20240528 110018,287,1467,,+Y,-1.01,-1.01,-1.01,-1.010100007,0.00,1.00,0.00
21MARCH2023,,20240528 110018,288,1468,,+Y,-1.01,-1.01,-1.01,-1.010100007,0.00,1.00,0.00
21MARCH2023,,20240528 110018,289,1469,,+Y,-1.01,-1.01,-1.01,-1.010100007,0.00,1.00,0.00
21MARCH2023,,20240528 110018,289,1469,,GUI,-1.01,-1.01,-1.01,-1.010100007,1.00,-1.01,-1.01
21MARCH2023,,20240528 110018,290,1471,,+Y,-1.01,-1.01,-1.01,-1.010100007,0.00,1.00,0.00
21MARCH2023,,20240528 110018,291,1472,,+Y,-1.01,-1.01,-1.01,-1.010100007,0.00,1.00,0.00
21MARCH2023,,20240528 110018,292,1473,,+Y,-1.01,-1.01,-1.01,-1.010100007,0.00,1.00,0.00
21MARCH2023,,20240528 110018,293,1474,,+Y,-1.01,-1.01,-1.01,-1.010100007,0.00,1.00,0.00
21MARCH2023,,20240528 110018,294,1475,,+Y,-1.01,-1.01,-1.01,-1.010100007,0.00,1.00,0.00
21MARCH2023,,20240528 110018,294,1475,,GUI,-1.01,-1.01,-1.01,-1.010100007,1.00,-1.01,-1.01
21MARCH2023,,20240528 110018,295,1476,,+Y,-1.01,-1.01,-1.01,-1.010100007,0.00,1.00,0.00
21MARCH2023,,20240528 110018,296,1477,,+Y,-1.01,-1.01,-1.01,-1.010100007,0.00,1.00,0.00
21MARCH2023,,20240528 110018,297,1478,,+Y,-1.01,-1.01,-1.01,-1.010100007,0.00,1.00,0.00
21MARCH2023,,20240528 110018,298,1479,,+Y,-1.01,-1.01,-1.01,-1.010100007,0.00,1.00,0.00
21MARCH2023,,20240528 110018,325,1480,,+Y,-1.01,-1.01,-1.01,-1.010100007,0.00,1.00,0.00
21MARCH2023,,20240528 110018,299,1481,,+Y,-1.01,-1.01,-1.01,-1.010100007,0.00,1.00,0.00
21MARCH2023,,20240528 110018,299,1481,,GUI,-1.01,-1.01,-1.01,-1.010100007,1.00,-1.01,-1.01
21MARCH2023,,20240528 110018,300,1482,,+Y,-1.01,-1.01,-1.01,-1.010100007,0.00,1.00,0.00
21MARCH2023,,20240528 110018,301,1483,,+Y,-1.01,-1.01,-1.01,-1.010100007,0.00,1.00,0.00
21MARCH2023,,20240528 110018,302,1484,,+Y,-1.01,-1.01,-1.01,-1.010100007,0.00,1.00,0.00
21MARCH2023,,20240528 110018,303,1485,,+Y,-1.01,-1.01,-1.01,-1.010100007,0.00,1.00,0.00
21MARCH2023,,20240528 110018,304,1486,,+Y,-1.01,-1.01,-1.01,-1.010100007,0.00,1.00,0.00
21MARCH2023,,20240528 110018,304,1486,,GUI,-1.01,-1.01,-1.01,-1.010100007,1.00,-1.01,-1.01
21MARCH2023,,20240528 110018,305,1487,,+Y,-1.01,-1.01,-1.01,-1.010100007,0.00,1.00,0.00
21MARCH2023,,20240528 110018,306,1488,,+Y,-1.01,-1.01,-1.01,-1.010100007,0.00,1.00,0.00
21MARCH2023,,20240528 110018,307,1489,,+Y,-1.01,-1.01,-1.01,-1.010100007,0.00,1.00,0.00
21MARCH2023,,20240528 110018,308,1491,,+Y,-1.01,-1.01,-1.01,-1.010100007,0.00,1.00,0.00
21MARCH2023,,20240528 110018,309,1492,,+Y,-1.01,-1.01,-1.01,-1.010100007,0.00,1.00,0.00
21MARCH2023,,20240528 110018,309,1492,,GUI,-1.01,-1.01,-1.01,-1.010100007,1.00,-1.01,-1.01
21MARCH2023,,20240528 110018,310,1493,,+Y,-1.01,-1.01,-1.01,-1.010100007,0.00,1.00,0.00
21MARCH2023,,20240528 110018,311,1494,,+Y,-1.01,-1.01,-1.01,-1.010100007,0.00,1.00,0.00
21MARCH2023,,20240528 110018,312,1495,,+Y,-1.01,-1.01,-1.01,-1.010100007,0.00,1.00,0.00
21MARCH2023,,20240528 110018,313,1496,,+Y,-1.01,-1.01,-1.01,-1.010100007,0.00,1.00,0.00
21MARCH2023,,20240528 110018,314,1497,,+Y,-1.01,-1.01,-1.01,-1.010100007,0.00,1.00,0.00
21MARCH2023,,20240528 110018,314,1497,,GUI,-1.01,-1.01,-1.01,-1.010100007,1.00,-1.01,-1.01
21MARCH2023,,20240528 110018,315,1498,,+Y,-1.01,-1.01,-1.01,-1.010100007,0.00,1.00,0.00
21MARCH2023,,20240528 110018,316,1499,,+Y,-1.01,-1.01,-1.01,-1.010100007,0.00,1.00,0.00
21MARCH2023,,20240528 110018,326,1500,,+Y,-1.01,-1.01,-1.01,-1.010100007,0.00,1.00,0.00
21MARCH2023,,20240528 110018,317,1501,,+Y,-1.01,-1.01,-1.01,-1.010100007,0.00,1.00,0.00
21MARCH2023,,20240528 110018,318,1502,,+Y,-1.01,-1.01,-1.01,-1.010100007,0.00,1.00,0.00
21MARCH2023,,20240528 110018,319,1503,,+Y,-1.01,-1.01,-1.01,-1.010100007,0.00,1.00,0.00
21MARCH2023,,20240528 110018,319,1503,,GUI,-1.01,-1.01,-1.01,-1.010100007,1.00,-1.01,-1.01
21MARCH2023,,20240528 110018,320,1504,,+Y,-1.01,-1.01,-1.01,-1.010100007,0.00,1.00,0.00
21MARCH2023,,20240528 110018,321,1505,,+Y,-1.01,-1.01,-1.01,-1.010100007,0.00,1.00,0.00
21MARCH2023,,20240528 110018,322,1506,,+Y,-1.01,-1.01,-1.01,-1.010100007,0.00,1.00,0.00
21MARCH2023,,20240528 110018,323,1507,,+Y,-1.01,-1.01,-1.01,-1.010100007,0.00,1.00,0.00
21MARCH2023,,20240528 110018,327,1520,,+Y,-1.01,-1.01,-1.01,-1.010100007,0.00,1.00,0.00
21MARCH2023,,20240528 110018,328,1540,,+Y,-1.01,-1.01,-1.01,-1.010100007,0.00,1.00,0.00
21MARCH2023,,20240528 110018,329,1560,,+Y,-1.01,-1.01,-1.01,-1.010100007,0.00,1.00,0.00
21MARCH2023,,20240528 110018,329,1560,,GUI,-1.01,-1.01,-1.01,-1.010100007,1.00,-1.01,-1.01
21MARCH2023,,20240528 110018,330,1570,,+Y,-1.01,-1.01,-1.01,-1.010100007,0.00,1.00,0.00
21MARCH2023,,20240528 110018,331,1571,,+Y,-1.01,-1.01,-1.01,-1.010100007,0.00,1.00,0.00
21MARCH2023,,20240528 110018,332,1572,,+Y,-1.01,-1.01,-1.01,-1.010100007,0.00,1.00,0.00
21MARCH2023,,20240528 110018,333,1573,,+Y,-1.01,-1.01,-1.01,-1.010100007,0.00,1.00,0.00
21MARCH2023,,20240528 110018,334,1574,,+Y,-1.01,-1.01,-1.01,-1.010100007,0.00,1.00,0.00
21MARCH2023,,20240528 110018,334,1574,,GUI,-1.01,-1.01,-1.01,-1.010100007,1.00,-1.01,-1.01
21MARCH2023,,20240528 110018,335,1575,,+Y,-1.01,-1.01,-1.01,-1.010100007,0.00,1.00,0.00
21MARCH2023,,20240528 110018,336,1576,,+Y,-1.01,-1.01,-1.01,-1.010100007,0.00,1.00,0.00
21MARCH2023,,20240528 110018,337,1577,,+Y,-1.01,-1.01,-1.01,-1.010100007,0.00,1.00,0.00
21MARCH2023,,20240528 110018,338,1578,,+Y,-1.01,-1.01,-1.01,-1.010100007,0.00,1.00,0.00
21MARCH2023,,20240528 110018,339,1579,,+Y,-1.01,-1.01,-1.01,-1.010100007,0.00,1.00,0.00
21MARCH2023,,20240528 110018,339,1579,,GUI,-1.01,-1.01,-1.01,-1.010100007,1.00,-1.01,-1.01
21MARCH2023,,20240528 110018,368,1580,,+Y,-1.01,-1.01,-1.01,-1.010100007,0.00,1.00,0.00
21MARCH2023,,20240528 110018,340,1581,,+Y,-1.01,-1.01,-1.01,-1.010100007,0.00,1.00,0.00
21MARCH2023,,20240528 110018,341,1582,,+Y,-1.01,-1.01,-1.01,-1.010100007,0.00,1.00,0.00
21MARCH2023,,20240528 110018,342,1583,,+Y,-1.01,-1.01,-1.01,-1.010100007,0.00,1.00,0.00
21MARCH2023,,20240528 110018,343,1584,,+Y,-1.01,-1.01,-1.01,-1.010100007,0.00,1.00,0.00
21MARCH2023,,20240528 110018,344,1585,,+Y,-1.01,-1.01,-1.01,-1.010100007,0.00,1.00,0.00
21MARCH2023,,20240528 110018,344,1585,,GUI,-1.01,-1.01,-1.01,-1.010100007,1.00,-1.01,-1.01
21MARCH2023,,20240528 110018,345,1586,,+Y,-1.01,-1.01,-1.01,-1.010100007,0.00,1.00,0.00
21MARCH2023,,20240528 110018,346,1587,,+Y,-1.01,-1.01,-1.01,-1.010100007,0.00,1.00,0.00
21MARCH2023,,20240528 110018,347,1588,,+Y,-1.01,-1.01,-1.01,-1.010100007,0.00,1.00,0.00
21MARCH2023,,20240528 110018,348,1589,,+Y,-1.01,-1.01,-1.01,-1.010100007,0.00,1.00,0.00
21MARCH2023,,20240528 110018,369,1590,,+Y,-1.01,-1.01,-1.01,-1.010100007,0.00,1.00,0.00
21MARCH2023,,20240528 110018,369,1590,,GUI,-1.01,-1.01,-1.01,-1.010100007,1.00,-1.01,-1.01
21MARCH2023,,20240528 110018,349,1591,,+Y,-1.01,-1.01,-1.01,-1.010100007,0.00,1.00,0.00
21MARCH2023,,20240528 110018,349,1591,,GUI,-1.01,-1.01,-1.01,-1.010100007,1.00,-1.01,-1.01
21MARCH2023,,20240528 110018,350,1592,,+Y,-1.01,-1.01,-1.01,-1.010100007,0.00,1.00,0.00
21MARCH2023,,20240528 110018,351,1593,,+Y,-1.01,-1.01,-1.01,-1.010100007,0.00,1.00,0.00
21MARCH2023,,20240528 110018,352,1594,,+Y,-1.01,-1.01,-1.01,-1.010100007,0.00,1.00,0.00
21MARCH2023,,20240528 110018,353,1595,,+Y,-1.01,-1.01,-1.01,-1.010100007,0.00,1.00,0.00
21MARCH2023,,20240528 110018,354,1596,,+Y,-1.01,-1.01,-1.01,-1.010100007,0.00,1.00,0.00
21MARCH2023,,20240528 110018,354,1596,,GUI,-1.01,-1.01,-1.01,-1.010100007,1.00,-1.01,-1.01
21MARCH2023,,20240528 110018,355,1597,,+Y,-1.01,-1.01,-1.01,-1.010100007,0.00,1.00,0.00
21MARCH2023,,20240528 110018,356,1598,,+Y,-1.01,-1.01,-1.01,-1.010100007,0.00,1.00,0.00
21MARCH2023,,20240528 110018,357,1599,,+Y,-1.01,-1.01,-1.01,-1.010100007,0.00,1.00,0.00
21MARCH2023,,20240528 110018,371,1600,,+Y,-1.01,-1.01,-1.01,-1.010100007,0.00,1.00,0.00
21MARCH2023,,20240528 110018,358,1601,,+Y,-1.01,-1.01,-1.01,-1.010100007,0.00,1.00,0.00
21MARCH2023,,20240528 110018,359,1602,,+Y,-1.01,-1.01,-1.01,-1.010100007,0.00,1.00,0.00
21MARCH2023,,20240528 110018,359,1602,,GUI,-1.01,-1.01,-1.01,-1.010100007,1.00,-1.01,-1.01
21MARCH2023,,20240528 110018,360,1603,,+Y,-1.01,-1.01,-1.01,-1.010100007,0.00,1.00,0.00
21MARCH2023,,20240528 110018,361,1604,,+Y,-1.01,-1.01,-1.01,-1.010100007,0.00,1.00,0.00
21MARCH2023,,20240528 110018,362,1605,,+Y,-1.01,-1.01,-1.01,-1.010100007,0.00,1.00,0.00
21MARCH2023,,20240528 110018,363,1606,,+Y,-1.01,-1.01,-1.01,-1.010100007,0.00,1.00,0.00
21MARCH2023,,20240528 110018,364,1607,,+Y,-1.01,-1.01,-1.01,-1.010100007,0.00,1.00,0.00
21MARCH2023,,20240528 110018,364,1607,,GUI,-1.01,-1.01,-1.01,-1.010100007,1.00,-1.01,-1.01
21MARCH2023,,20240528 110018,365,1608,,+Y,-1.01,-1.01,-1.01,-1.010100007,0.00,1.00,0.00
21MARCH2023,,20240528 110018,366,1609,,+Y,-1.01,-1.01,-1.01,-1.010100007,0.00,1.00,0.00
21MARCH2023,,20240528 110018,373,1610,,+Y,-1.01,-1.01,-1.01,-1.010100007,0.00,1.00,0.00
21MARCH2023,,20240528 110018,367,1611,,+Y,-1.01,-1.01,-1.01,-1.010100007,0.00,1.00,0.00
21MARCH2023,,20240528 110018,370,1612,,+Y,-1.01,-1.01,-1.01,-1.010100007,0.00,1.00,0.00
21MARCH2023,,20240528 110018,372,1613,,+Y,-1.01,-1.01,-1.01,-1.010100007,0.00,1.00,0.00
21MARCH2023,,20240528 110018,374,1615,,+Y,-1.01,-1.01,-1.01,-1.010100007,0.00,1.00,0.00
21MARCH2023,,20240528 110018,374,1615,,GUI,-1.01,-1.01,-1.01,-1.010100007,1.00,-1.01,-1.01
21MARCH2023,,20240528 110018,375,1620,,+Y,-1.01,-1.01,-1.01,-1.010100007,0.00,1.00,0.00
21MARCH2023,,20240528 110018,376,1630,,+Y,-1.01,-1.01,-1.01,-1.010100007,0.00,1.00,0.00
21MARCH2023,,20240528 110018,377,1640,,+Y,-1.01,-1.01,-1.01,-1.010100007,0.00,1.00,0.00
21MARCH2023,,20240528 110018,378,1645,,+Y,-1.01,-1.01,-1.01,-1.010100007,0.00,1.00,0.00
21MARCH2023,,20240528 110018,379,1650,,+Y,-1.01,-1.01,-1.01,-1.010100007,0.00,1.00,0.00
21MARCH2023,,20240528 110018,379,1650,,GUI,-1.01,-1.01,-1.01,-1.010100007,1.00,-1.01,-1.01
21MARCH2023,,20240528 110018,380,1655,,+Y,-1.01,-1.01,-1.01,-1.010100007,0.00,1.00,0.00
21MARCH2023,,20240528 110018,381,1660,,+Y,-1.01,-1.01,-1.01,-1.010100007,0.00,1.00,0.00
21MARCH2023,,20240528 110018,382,1665,,+Y,-1.01,-1.01,-1.01,-1.010100007,0.00,1.00,0.00
21MARCH2023,,20240528 110018,383,1670,,+Y,-1.01,-1.01,-1.01,-1.010100007,0.00,1.00,0.00
21MARCH2023,,20240528 110018,384,1680,,+Y,-1.01,-1.01,-1.01,-1.010100007,0.00,1.00,0.00
21MARCH2023,,20240528 110018,384,1680,,GUI,-1.01,-1.01,-1.01,-1.010100007,1.00,-1.01,-1.01
21MARCH2023,,20240528 110018,385,1682,,+Y,-1.01,-1.01,-1.01,-1.010100007,0.00,1.00,0.00
21MARCH2023,,20240528 110018,386,1684,,+Y,-1.01,-1.01,-1.01,-1.010100007,0.00,1.00,0.00
21MARCH2023,,20240528 110018,387,1686,,+Y,-1.01,-1.01,-1.01,-1.010100007,0.00,1.00,0.00
21MARCH2023,,20240528 110018,388,1690,,+Y,-1.01,-1.01,-1.01,-1.010100007,0.00,1.00,0.00
21MARCH2023,,20240528 110018,389,1700,,+Y,-1.01,-1.01,-1.01,-1.010100007,0.00,1.00,0.00
21MARCH2023,,20240528 110018,389,1700,,GUI,-1.01,-1.01,-1.01,-1.010100007,1.00,-1.01,-1.01
21MARCH2023,,20240528 110018,390,1720,,+Y,-1.01,-1.01,-1.01,-1.010100007,0.00,1.00,0.00
21MARCH2023,,20240528 110018,391,1740,,+Y,-1.01,-1.01,-1.01,-1.010100007,0.00,1.00,0.00
21MARCH2023,,20240528 110018,392,1755,,+Y,-1.01,-1.01,-1.01,-1.010100007,0.00,1.00,0.00
21MARCH2023,,20240528 110018,393,1770,,+Y,-1.01,-1.01,-1.01,-1.010100007,0.00,1.00,0.00
21MARCH2023,,20240528 110018,394,1790,,+Y,-1.01,-1.01,-1.01,-1.010100007,0.00,1.00,0.00
21MARCH2023,,20240528 110018,394,1790,,GUI,-1.01,-1.01,-1.01,-1.010100007,1.00,-1.01,-1.01
21MARCH2023,,20240528 110018,395,1791,,+Y,-1.01,-1.01,-1.01,-1.010100007,0.00,1.00,0.00
21MARCH2023,,20240528 110018,396,1792,,+Y,-1.01,-1.01,-1.01,-1.010100007,0.00,1.00,0.00
21MARCH2023,,20240528 110018,397,1793,,+Y,-1.01,-1.01,-1.01,-1.010100007,0.00,1.00,0.00
21MARCH2023,,20240528 110018,398,1794,,+Y,-1.01,-1.01,-1.01,-1.010100007,0.00,1.00,0.00
21MARCH2023,,20240528 110018,399,1795,,+Y,-1.01,-1.01,-1.01,-1.010100007,0.00,1.00,0.00
21MARCH2023,,20240528 110018,399,1795,,GUI,-1.01,-1.01,-1.01,-1.010100007,1.00,-1.01,-1.01
21MARCH2023,,20240528 110018,400,1796,,+Y,-1.01,-1.01,-1.01,-1.010100007,0.00,1.00,0.00
21MARCH2023,,20240528 110018,401,1797,,+Y,-1.01,-1.01,-1.01,-1.010100007,0.00,1.00,0.00
21MARCH2023,,20240528 110018,402,1798,,+Y,-1.01,-1.01,-1.01,-1.010100007,0.00,1.00,0.00
21MARCH2023,,20240528 110018,403,1799,,+Y,-1.01,-1.01,-1.01,-1.010100007,0.00,1.00,0.00
21MARCH2023,,20240528 110018,442,1800,,+Y,-1.01,-1.01,-1.01,-1.010100007,0.00,1.00,0.00
21MARCH2023,,20240528 110018,404,1801,,+Y,-1.01,-1.01,-1.01,-1.010100007,0.00,1.00,0.00
21MARCH2023,,20240528 110018,404,1801,,GUI,-1.01,-1.01,-1.01,-1.010100007,1.00,-1.01,-1.01
21MARCH2023,,20240528 110018,405,1802,,+Y,-1.01,-1.01,-1.01,-1.010100007,0.00,1.00,0.00
21MARCH2023,,20240528 110018,406,1803,,+Y,-1.01,-1.01,-1.01,-1.010100007,0.00,1.00,0.00
21MARCH2023,,20240528 110018,407,1804,,+Y,-1.01,-1.01,-1.01,-1.010100007,0.00,1.00,0.00
21MARCH2023,,20240528 110018,408,1805,,+Y,-1.01,-1.01,-1.01,-1.010100007,0.00,1.00,0.00
21MARCH2023,,20240528 110018,409,1806,,+Y,-1.01,-1.01,-1.01,-1.010100007,0.00,1.00,0.00
21MARCH2023,,20240528 110018,409,1806,,GUI,-1.01,-1.01,-1.01,-1.010100007,1.00,-1.01,-1.01
21MARCH2023,,20240528 110018,410,1807,,+Y,-1.01,-1.01,-1.01,-1.010100007,0.00,1.00,0.00
21MARCH2023,,20240528 110018,411,1808,,+Y,-1.01,-1.01,-1.01,-1.010100007,0.00,1.00,0.00
21MARCH2023,,20240528 110018,412,1809,,+Y,-1.01,-1.01,-1.01,-1.010100007,0.00,1.00,0.00
21MARCH2023,,20240528 110018,413,1811,,+Y,-1.01,-1.01,-1.01,-1.010100007,0.00,1.00,0.00
21MARCH2023,,20240528 110018,414,1812,,+Y,-1.01,-1.01,-1.01,-1.010100007,0.00,1.00,0.00
21MARCH2023,,20240528 110018,414,1812,,GUI,-1.01,-1.01,-1.01,-1.010100007,1.00,-1.01,-1.01
21MARCH2023,,20240528 110018,415,1813,,+Y,-1.01,-1.01,-1.01,-1.010100007,0.00,1.00,0.00
21MARCH2023,,20240528 110018,416,1814,,+Y,-1.01,-1.01,-1.01,-1.010100007,0.00,1.00,0.00
21MARCH2023,,20240528 110018,417,1815,,+Y,-1.01,-1.01,-1.01,-1.010100007,0.00,1.00,0.00
21MARCH2023,,20240528 110018,418,1816,,+Y,-1.01,-1.01,-1.01,-1.010100007,0.00,1.00,0.00
21MARCH2023,,20240528 110018,419,1817,,+Y,-1.01,-1.01,-1.01,-1.010100007,0.00,1.00,0.00
21MARCH2023,,20240528 110018,419,1817,,GUI,-1.01,-1.01,-1.01,-1.010100007,1.00,-1.01,-1.01
21MARCH2023,,20240528 110018,420,1818,,+Y,-1.01,-1.01,-1.01,-1.010100007,0.00,1.00,0.00
21MARCH2023,,20240528 110018,421,1819,,+Y,-1.01,-1.01,-1.01,-1.010100007,0.00,1.00,0.00
21MARCH2023,,20240528 110018,443,1820,,+Y,-1.01,-1.01,-1.01,-1.010100007,0.00,1.00,0.00
21MARCH2023,,20240528 110018,422,1821,,+Y,-1.01,-1.01,-1.01,-1.010100007,0.00,1.00,0.00
21MARCH2023,,20240528 110018,423,1822,,+Y,-1.01,-1.01,-1.01,-1.010100007,0.00,1.00,0.00
21MARCH2023,,20240528 110018,424,1823,,+Y,-1.01,-1.01,-1.01,-1.010100007,0.00,1.00,0.00
21MARCH2023,,20240528 110018,424,1823,,GUI,-1.01,-1.01,-1.01,-1.010100007,1.00,-1.01,-1.01
21MARCH2023,,20240528 110018,425,1824,,+Y,-1.01,-1.01,-1.01,-1.010100007,0.00,1.00,0.00
21MARCH2023,,20240528 110018,426,1825,,+Y,-1.01,-1.01,-1.01,-1.010100007,0.00,1.00,0.00
21MARCH2023,,20240528 110018,427,1826,,+Y,-1.01,-1.01,-1.01,-1.010100007,0.00,1.00,0.00
21MARCH2023,,20240528 110018,428,1827,,+Y,-1.01,-1.01,-1.01,-1.010100007,0.00,1.00,0.00
21MARCH2023,,20240528 110018,429,1828,,+Y,-1.01,-1.01,-1.01,-1.010100007,0.00,1.00,0.00
21MARCH2023,,20240528 110018,429,1828,,GUI,-1.01,-1.01,-1.01,-1.010100007,1.00,-1.01,-1.01
21MARCH2023,,20240528 110018,430,1829,,+Y,-1.01,-1.01,-1.01,-1.010100007,0.00,1.00,0.00
21MARCH2023,,20240528 110018,431,1831,,+Y,-1.01,-1.01,-1.01,-1.010100007,0.00,1.00,0.00
21MARCH2023,,20240528 110018,432,1832,,+Y,-1.01,-1.01,-1.01,-1.010100007,0.00,1.00,0.00
21MARCH2023,,20240528 110018,433,1833,,+Y,-1.01,-1.01,-1.01,-1.010100007,0.00,1.00,0.00
21MARCH2023,,20240528 110018,434,1834,,+Y,-1.01,-1.01,-1.01,-1.010100007,0.00,1.00,0.00
21MARCH2023,,20240528 110018,434,1834,,GUI,-1.01,-1.01,-1.01,-1.010100007,1.00,-1.01,-1.01
21MARCH2023,,20240528 110018,435,1835,,+Y,-1.01,-1.01,-1.01,-1.010100007,0.00,1.00,0.00
21MARCH2023,,20240528 110018,436,1836,,+Y,-1.01,-1.01,-1.01,-1.010100007,0.00,1.00,0.00
21MARCH2023,,20240528 110018,437,1837,,+Y,-1.01,-1.01,-1.01,-1.010100007,0.00,1.00,0.00
21MARCH2023,,20240528 110018,438,1838,,+Y,-1.01,-1.01,-1.01,-1.010100007,0.00,1.00,0.00
21MARCH2023,,20240528 110018,439,1839,,+Y,-1.01,-1.01,-1.01,-1.010100007,0.00,1.00,0.00
21MARCH2023,,20240528 110018,439,1839,,GUI,-1.01,-1.01,-1.01,-1.010100007,1.00,-1.01,-1.01
21MARCH2023,,20240528 110018,444,1840,,+Y,-1.01,-1.01,-1.01,-1.010100007,0.00,1.00,0.00
21MARCH2023,,20240528 110018,444,1840,,GUI,-1.01,-1.01,-1.01,-1.010100007,1.00,-1.01,-1.01
21MARCH2023,,20240528 110018,440,1841,,+Y,-1.01,-1.01,-1.01,-1.010100007,0.00,1.00,0.00
21MARCH2023,,20240528 110018,441,1842,,+Y,-1.01,-1.01,-1.01,-1.010100007,0.00,1.00,0.00
21MARCH2023,,20240528 110018,445,1855,,+Y,-1.01,-1.01,-1.01,-1.010100007,0.00,1.00,0.00
21MARCH2023,,20240528 110018,446,1857,,+Y,-1.01,-1.01,-1.01,-1.010100007,0.00,1.00,0.00
21MARCH2023,,20240528 110018,447,1860,,+Y,-1.01,-1.01,-1.01,-1.010100007,0.00,1.00,0.00
21MARCH2023,,20240528 110018,448,1863,,+Y,-1.01,-1.01,-1.01,-1.010100007,0.00,1.00,0.00
21MARCH2023,,20240528 110018,449,1866,,+Y,-1.01,-1.01,0.10,-1.010100007,0.00,1.00,0.00
21MARCH2023,,20240528 110018,449,1866,,GUI,-1.01,-1.01,0.10,-1.010100007,1.00,-1.01,-1.01
21MARCH2023,,20240528 110018,450,1960,,+Y,275000.00,-1.01,0.10,-1.010100007,0.00,1.00,0.00
21MARCH2023,,20240528 110018,450,1960,,GUI,275000.00,16.25,0.40,-1.010100007,1.00,-1.01,-1.01
21MARCH2023,,20240528 110018,451,2014,,ANC,-1.01,-1.01,-1.01,2015,-1.01,-1.01,-1.01
21MARCH2023,,20240528 110018,452,2030,,Y,150000.00,-1.01,0.40,-1.010100007,0.00,1.00,0.00
21MARCH2023,,20240528 110018,452,2030,,GUI,150000.00,-1.01,0.40,-1.010100007,1.00,-1.01,-1.01
21MARCH2023,,20240528 110018,453,2070,,Y,150000.00,-1.01,0.40,-1.010100007,0.00,1.00,0.00
21MARCH2023,,20240528 110018,453,2070,,GUI,150000.00,-1.01,0.40,-1.010100007,1.00,-1.01,-1.01
21MARCH2023,,20240528 110018,454,2072,,Y,150000.00,-1.01,0.40,-1.010100007,0.00,1.00,0.00
21MARCH2023,,20240528 110018,454,2072,,GUI,150000.00,-1.01,0.40,-1.010100007,1.00,-1.01,-1.01
21MARCH2023,,20240528 110018,455,2074,,Y,150000.00,-1.01,0.40,-1.010100007,0.00,1.00,0.00
21MARCH2023,,20240528 110018,455,2074,,GUI,150000.00,-1.01,0.40,-1.010100007,1.00,-1.01,-1.01
21MARCH2023,,20240528 110018,456,2076,,Y,150000.00,-1.01,0.40,-1.010100007,0.00,1.00,0.00
21MARCH2023,,20240528 110018,456,2076,,GUI,150000.00,-1.01,0.40,-1.010100007,1.00,-1.01,-1.01
21MARCH2023,,20240528 110018,457,2080,,Y,150000.00,-1.01,0.40,-1.010100007,0.00,1.00,0.00
21MARCH2023,,20240528 110018,457,2080,,GUI,150000.00,-1.01,0.40,-1.010100007,1.00,-1.01,-1.01
21MARCH2023,,20240528 110018,458,2090,,Y,150000.00,-1.01,0.40,-1.010100007,0.00,1.00,0.00
21MARCH2023,,20240528 110018,458,2090,,GUI,150000.00,-1.01,0.40,-1.010100007,1.00,-1.01,-1.01
21MARCH2023,,20240528 110018,459,2110,,Y,150000.00,-1.01,0.40,-1.010100007,0.00,1.00,0.00
21MARCH2023,,20240528 110018,459,2110,,GUI,150000.00,-1.01,0.40,-1.010100007,1.00,-1.01,-1.01
21MARCH2023,,20240528 110018,460,2120,,Y,150000.00,-1.01,0.40,-1.010100007,0.00,1.00,0.00
21MARCH2023,,20240528 110018,460,2120,,GUI,150000.00,-1.01,0.40,-1.010100007,1.00,-1.01,-1.01
21MARCH2023,,20240528 110018,461,2121,,Y,150000.00,-1.01,0.40,-1.010100007,0.00,1.00,0.00
21MARCH2023,,20240528 110018,461,2121,,GUI,150000.00,-1.01,0.40,-1.010100007,1.00,-1.01,-1.01
21MARCH2023,,20240528 110018,462,2122,,Y,150000.00,-1.01,0.40,-1.010100007,0.00,1.00,0.00
21MARCH2023,,20240528 110018,462,2122,,GUI,150000.00,-1.01,0.40,-1.010100007,1.00,-1.01,-1.01
21MARCH2023,,20240528 110018,463,2123,,Y,150000.00,-1.01,0.40,-1.010100007,0.00,1.00,0.00
21MARCH2023,,20240528 110018,463,2123,,GUI,150000.00,-1.01,0.40,-1.010100007,1.00,-1.01,-1.01
21MARCH2023,,20240528 110018,464,2124,,Y,150000.00,-1.01,0.40,-1.010100007,0.00,1.00,0.00
21MARCH2023,,20240528 110018,464,2124,,GUI,150000.00,-1.01,0.40,-1.010100007,1.00,-1.01,-1.01
21MARCH2023,,20240528 110018,465,2125,,Y,150000.00,-1.01,0.40,-1.010100007,0.00,1.00,0.00
21MARCH2023,,20240528 110018,465,2125,,GUI,150000.00,-1.01,0.40,-1.010100007,1.00,-1.01,-1.01
21MARCH2023,,20240528 110018,466,2130,,Y,150000.00,-1.01,0.40,-1.010100007,0.00,1.00,0.00
21MARCH2023,,20240528 110018,466,2130,,GUI,150000.00,-1.01,0.40,-1.010100007,1.00,-1.01,-1.01
21MARCH2023,,20240528 110018,467,2150,,Y,150000.00,-1.01,0.40,-1.010100007,0.00,1.00,0.00
21MARCH2023,,20240528 110018,467,2150,,GUI,150000.00,-1.01,0.40,-1.010100007,1.00,-1.01,-1.01
21MARCH2023,,20240528 110018,468,2160,,Y,150000.00,-1.01,0.40,-1.010100007,0.00,1.00,0.00
21MARCH2023,,20240528 110018,468,2160,,GUI,150000.00,-1.01,0.40,-1.010100007,1.00,-1.01,-1.01
21MARCH2023,,20240528 110018,469,2180,,Y,150000.00,-1.01,0.40,-1.010100007,0.00,1.00,0.00
21MARCH2023,,20240528 110018,469,2180,,GUI,150000.00,-1.01,0.40,-1.010100007,1.00,-1.01,-1.01
21MARCH2023,,20240528 110018,470,2195,,Y,150000.00,-1.01,0.40,-1.010100007,0.00,1.00,0.00
21MARCH2023,,20240528 110018,470,2195,,GUI,150000.00,-1.01,0.40,-1.010100007,1.00,-1.01,-1.01
21MARCH2023,,20240528 110018,471,2200,,Y,150000.00,-1.01,0.40,-1.010100007,0.00,1.00,0.00
21MARCH2023,,20240528 110018,471,2200,,GUI,150000.00,-1.01,0.40,-1.010100007,1.00,-1.01,-1.01
21MARCH2023,,20240528 110018,472,2220,,Y,150000.00,-1.01,0.40,-1.010100007,0.00,1.00,0.00
21MARCH2023,,20240528 110018,472,2220,,GUI,150000.00,-1.01,0.40,-1.010100007,1.00,-1.01,-1.01
21MARCH2023,,20240528 110018,473,2230,,Y,150000.00,-1.01,0.40,-1.010100007,0.00,1.00,0.00
21MARCH2023,,20240528 110018,473,2230,,GUI,150000.00,-1.01,0.40,-1.010100007,1.00,-1.01,-1.01
21MARCH2023,,20240528 110018,474,2240,,Y,150000.00,-1.01,0.40,-1.010100007,0.00,1.00,0.00
21MARCH2023,,20240528 110018,474,2240,,GUI,150000.00,-1.01,0.40,-1.010100007,1.00,-1.01,-1.01
21MARCH2023,,20240528 110018,475,2250,,GUI,150000.00,-1.01,0.40,-1.010100007,1.00,-1.01,-1.01
21MARCH2023,,20240528 110018,475,2250,,Y,150000.00,-1.01,0.40,-1.010100007,0.00,1.00,0.00
21MARCH2023,,20240528 110018,476,2262,,Y,150000.00,-1.01,0.40,-1.010100007,0.00,1.00,0.00
21MARCH2023,,20240528 110018,476,2262,,GUI,150000.00,-1.01,0.40,-1.010100007,1.00,-1.01,-1.01
21MARCH2023,,20240528 110018,477,2264,,Y,150000.00,-1.01,0.40,-1.010100007,0.00,1.00,0.00
21MARCH2023,,20240528 110018,477,2264,,GUI,150000.00,-1.01,0.40,-1.010100007,1.00,-1.01,-1.01
21MARCH2023,,20240528 110018,478,2266,,Y,150000.00,-1.01,0.40,-1.010100007,0.00,1.00,0.00
21MARCH2023,,20240528 110018,478,2266,,GUI,150000.00,-1.01,0.40,-1.010100007,1.00,-1.01,-1.01
21MARCH2023,,20240528 110018,479,2270,,Y,150000.00,-1.01,0.40,-1.010100007,0.00,1.00,0.00
21MARCH2023,,20240528 110018,479,2270,,GUI,150000.00,-1.01,0.40,-1.010100007,1.00,-1.01,-1.01
21MARCH2023,,20240528 110018,480,2290,,Y,150000.00,-1.01,0.40,-1.010100007,0.00,1.00,0.00
21MARCH2023,,20240528 110018,480,2290,,GUI,150000.00,-1.01,0.40,-1.010100007,1.00,-1.01,-1.01
21MARCH2023,,20240528 110018,481,2300,,Y,150000.00,-1.01,0.40,-1.010100007,0.00,1.00,0.00
21MARCH2023,,20240528 110018,481,2300,,GUI,150000.00,-1.01,0.40,-1.010100007,1.00,-1.01,-1.01
21MARCH2023,,20240528 110018,482,2310,,Y,150000.00,-1.01,0.40,-1.010100007,0.00,1.00,0.00
21MARCH2023,,20240528 110018,482,2310,,GUI,150000.00,-1.01,0.40,-1.010100007,1.00,-1.01,-1.01
21MARCH2023,,20240528 110018,483,2320,,Y,150000.00,-1.01,0.40,-1.010100007,0.00,1.00,0.00
21MARCH2023,,20240528 110018,483,2320,,GUI,150000.00,-1.01,0.40,-1.010100007,1.00,-1.01,-1.01
21MARCH2023,,20240528 110018,484,2330,,Y,150000.00,-1.01,0.40,-1.010100007,0.00,1.00,0.00
21MARCH2023,,20240528 110018,484,2330,,GUI,150000.00,-1.01,0.40,-1.010100007,1.00,-1.01,-1.01
21MARCH2023,,20240528 110018,485,2340,,Y,150000.00,-1.01,0.40,-1.010100007,0.00,1.00,0.00
21MARCH2023,,20240528 110018,485,2340,,GUI,150000.00,-1.01,0.40,-1.010100007,1.00,-1.01,-1.01
21MARCH2023,,20240528 110018,486,2350,,Y,150000.00,-1.01,0.40,-1.010100007,0.00,1.00,0.00
21MARCH2023,,20240528 110018,486,2350,,GUI,150000.00,-1.01,0.40,-1.010100007,1.00,-1.01,-1.01
21MARCH2023,,20240528 110018,487,2360,,Y,150000.00,-1.01,0.40,-1.010100007,0.00,1.00,0.00
21MARCH2023,,20240528 110018,487,2360,,GUI,150000.00,-1.01,0.40,-1.010100007,1.00,-1.01,-1.01
21MARCH2023,,20240528 110018,488,2370,,Y,150000.00,-1.01,0.40,-1.010100007,0.00,1.00,0.00
21MARCH2023,,20240528 110018,488,2370,,GUI,150000.00,-1.01,0.40,-1.010100007,1.00,-1.01,-1.01
21MARCH2023,,20240528 110018,489,2380,,Y,150000.00,-1.01,0.40,-1.010100007,0.00,1.00,0.00
21MARCH2023,,20240528 110018,489,2380,,GUI,150000.00,-1.01,0.40,-1.010100007,1.00,-1.01,-1.01
21MARCH2023,,20240528 110018,490,2420,,+Y,500000.00,-1.01,0.40,-1.010100007,0.00,1.00,0.00
21MARCH2023,,20240528 110018,491,2445,,+Y,500000.00,-1.01,0.20,-1.010100007,0.00,1.00,0.00
21MARCH2023,,20240528 110018,492,2460,,+Y,500000.00,-1.01,0.40,-1.010100007,0.00,1.00,0.00
21MARCH2023,,20240528 110018,493,2480,,+Y,500000.00,-1.01,0.40,-1.010100007,0.00,1.00,0.00
21MARCH2023,,20240528 110018,494,2510,,Y,-1.01,1.00,-1.01,-1.010100007,0.00,1.00,0.00
21MARCH2023,,20240528 110018,495,2610,,+Y,500000.00,-1.01,0.40,-1.010100007,0.00,1.00,0.00
21MARCH2023,,20240528 110018,496,2640,,+Y,500000.00,-1.01,0.40,-1.010100007,0.00,1.00,0.00
21MARCH2023,,20240528 110018,497,2670,,+Y,500000.00,-1.01,0.70,-1.010100007,0.00,1.00,0.00
21MARCH2023,,20240528 110018,498,2710,,+Y,500000.00,-1.01,0.40,-1.010100007,0.00,1.00,0.00
21MARCH2023,,20240528 110018,503,3010,,+Y,500000.00,-1.01,0.40,-1.010100007,0.00,1.00,0.00
21MARCH2023,,20240528 110018,504,3040,,+Y,500000.00,-1.01,0.40,-1.010100007,0.00,1.00,0.00
21MARCH2023,,20240528 110018,505,3070,,+Y,500000.00,-1.01,0.40,-1.010100007,0.00,1.00,0.00
21MARCH2023,,20240528 110018,505,3070,,GUI,500000.00,-1.01,0.40,-1.010100007,1.00,0.00,0.00
21MARCH2023,,20240528 110018,506,3110,,+Y,500000.00,-1.01,0.40,-1.010100007,0.00,1.00,0.00
21MARCH2023,,20240528 110018,499,4070,,+Y,500000.00,-1.01,0.40,-1.010100007,0.00,1.00,0.00
21MARCH2023,,20240528 110018,499,4070,,GUI,500000.00,-1.01,0.40,-1.010100007,1.00,-1.01,-1.01
21MARCH2023,,20240528 110018,500,4090,,Y,-1.01,1.00,-1.01,-1.010100007,0.00,1.00,0.00
21MARCH2023,,20240528 110018,501,4250,,Y,-1.01,1.00,-1.01,-1.010100007,0.00,1.00,0.00
21MARCH2023,,20240528 110018,502,4260,,+Y,500000.00,-1.01,0.40,-1.010100007,0.00,1.00,0.00
21MARCH2023,,20240528 110018,502,4260,,GUI,500000.00,-1.01,0.40,-1.010100007,1.00,-1.01,-1.01
